1952-01-01,14.6,4.9
1952-01-02,10,6.3
1952-01-03,12.9,5.8
1952-01-04,11.9,6.9
1952-01-05,13.3,5.6
1952-01-06,10.3,6.4
1952-01-07,8.7,5.8
1952-01-08,9.6,4.7
1952-01-09,6.7,1.1
1952-01-10,3.6,0
1952-01-11,7.3,0.1
1952-01-12,8.5,2.5
1952-01-13,12.3,5.6
1952-01-14,13.1,5
1952-01-15,13.5,6.5
1952-01-16,8.6,5
1952-01-17,10.5,4.4
1952-01-18,13,5.6
1952-01-19,14.6,9.2
1952-01-20,16.5,8.6
1952-01-21,12.1,6
1952-01-22,11.4,3
1952-01-23,12.6,5.9
1952-01-24,12.5,6.3
1952-01-25,15.9,8.7
1952-01-26,16.5,8.2
1952-01-27,17.4,9.8
1952-01-28,15.6,8.4
1952-01-29,17.2,9.8
1952-01-30,14.3,10.2
1952-01-31,17.5,10.2
1952-02-01,14.5,11.3
1952-02-02,17,12.4
1952-02-03,13.4,8.9
1952-02-04,12.3,7.8
1952-02-05,15,9.8
1952-02-06,18.2,8.8
1952-02-07,19.5,11.2
1952-02-08,20.2,9.3
1952-02-09,9.8,4
1952-02-10,10.5,3.7
1952-02-11,8.6,2.6
1952-02-12,5.9,1.3
1952-02-13,8.4,3
1952-02-14,11.1,5.3
1952-02-15,14.1,6.3
1952-02-16,16.5,7.2
1952-02-17,17,7.9
1952-02-18,17.5,9.6
1952-02-19,14.1,7.2
1952-02-20,19.3,8.2
1952-02-21,15.3,6.3
1952-02-22,10.7,4.4
1952-02-23,10,6
1952-02-24,11.7,3.8
1952-02-25,11.7,5.3
1952-02-26,14.6,5.8
1952-02-27,13.8,7
1952-02-28,15.8,8.7
1952-02-29,15.6,9.8
1952-03-01,10,4.2
1952-03-02,7.5,3.7
1952-03-03,8.6,4.6
1952-03-04,10.8,4.1
1952-03-05,13.5,4.9
1952-03-06,11.8,6.8
1952-03-07,15.4,5.3
1952-03-08,16.5,9
1952-03-09,12.6,6.8
1952-03-10,15.6,6
1952-03-11,8.3,4.8
1952-03-12,7.7,5.5
1952-03-13,11.8,5.5
1952-03-14,20.5,8.1
1952-03-15,19.9,9
1952-03-16,14.3,6.8
1952-03-17,10.2,5.7
1952-03-18,9.7,4.2
1952-03-19,14.3,4.2
1952-03-20,20,9.4
1952-03-21,19.6,7.4
1952-03-22,10.6,6
1952-03-23,14.9,6
1952-03-24,14.6,7.9
1952-03-25,15,7
1952-03-26,19.6,8.7
1952-03-27,21.7,11.6
1952-03-28,19.9,11
1952-03-29,24.5,14
1952-03-30,26.7,16
1952-03-31,25.3,16
1952-04-01,27.6,17.6
1952-04-02,27.2,15.2
1952-04-03,30,19
1952-04-04,31,21.7
1952-04-05,31.9,23.2
1952-04-06,29.5,22
1952-04-07,30,19
1952-04-08,22.5,12
1952-04-09,13.9,8.5
1952-04-10,12.8,6.8
1952-04-11,14.1,6.8
1952-04-12,12.2,6.8
1952-04-13,12.1,5.8
1952-04-14,8.9,3.2
1952-04-15,14.1,4.2
1952-04-16,16.7,8
1952-04-17,20.2,9.8
1952-04-18,25.1,14.2
1952-04-19,23.8,10.2
1952-04-20,17.1,9
1952-04-21,19.3,10.4
1952-04-22,18.1,6.3
1952-04-23,17.6,8.2
1952-04-24,18.3,9.6
1952-04-25,22.2,11.1
1952-04-26,25.3,15.9
1952-04-27,25.5,13
1952-04-28,19.5,11.9
1952-04-29,17.5,11
1952-04-30,19.8,9
1952-05-01,19.4,12
1952-05-02,21.6,12.2
1952-05-03,18.5,11
1952-05-04,18.3,10.7
1952-05-05,21.6,11
1952-05-06,21.1,12.2
1952-05-07,21.4,11.5
1952-05-08,24.9,14
1952-05-09,27,17
1952-05-10,27.8,19
1952-05-11,28.6,17.4
1952-05-12,30.3,19.1
1952-05-13,33,21.7
1952-05-14,28.7,18.6
1952-05-15,26.5,16.3
1952-05-16,26.6,17.6
1952-05-17,29.6,19.1
1952-05-18,24.5,12.8
1952-05-19,21.5,10.6
1952-05-20,22.6,10
1952-05-21,31.4,15.8
1952-05-22,30,19.7
1952-05-23,23.9,15.9
1952-05-24,25.6,13
1952-05-25,34.3,20.7
1952-05-26,25,13.8
1952-05-27,19.6,11
1952-05-28,19.8,11
1952-05-29,18.9,10.7
1952-05-30,23.4,10
1952-05-31,30,14.2
1952-06-01,34.7,20.7
1952-06-02,36.1,25.2
1952-06-03,28.1,18.6
1952-06-04,24.3,15.2
1952-06-05,26.1,16
1952-06-06,26.7,17
1952-06-07,23.5,14.9
1952-06-08,21.2,14
1952-06-09,24.1,12.5
1952-06-10,23.6,10.9
1952-06-11,23.7,14.2
1952-06-12,22.4,13.8
1952-06-13,24.1,12.5
1952-06-14,23,12.5
1952-06-15,26.5,15.2
1952-06-16,27.7,17.2
1952-06-17,27.3,17.9
1952-06-18,30.3,18
1952-06-19,29.6,20
1952-06-20,29.6,19
1952-06-21,30,19.2
1952-06-22,30.3,20.2
1952-06-23,29.7,20.1
1952-06-24,26.6,16.8
1952-06-25,26.2,16.3
1952-06-26,27.6,15.5
1952-06-27,23.8,15.2
1952-06-28,25,14.1
1952-06-29,23.6,14.2
1952-06-30,24.9,14.7
1952-07-01,26.8,14.7
1952-07-02,25,14.3
1952-07-03,24.8,14.9
1952-07-04,24.5,15.7
1952-07-05,25.6,14.9
1952-07-06,27.6,13.4
1952-07-07,27.1,14.9
1952-07-08,25,14.8
1952-07-09,26.2,14.9
1952-07-10,27.3,18
1952-07-11,28.4,18.6
1952-07-12,29,20.3
1952-07-13,28.6,17.7
1952-07-14,27.8,19
1952-07-15,27.6,15.5
1952-07-16,28.4,17.3
1952-07-17,29.8,19.7
1952-07-18,30.3,21.7
1952-07-19,28.2,18.7
1952-07-20,27.4,19.6
1952-07-21,27,17.2
1952-07-22,27.3,17.3
1952-07-23,28.4,18.7
1952-07-24,26,16.5
1952-07-25,24.6,17.9
1952-07-26,26.6,18
1952-07-27,26.3,17.4
1952-07-28,27.6,17
1952-07-29,30,18
1952-07-30,29.9,20.9
1952-07-31,30.8,22
1952-08-01,28.7,17.4
1952-08-02,28.7,16.7
1952-08-03,30,20.4
1952-08-04,30.2,20.8
1952-08-05,27.5,17.8
1952-08-06,25.7,17.4
1952-08-07,27.2,16.4
1952-08-08,27.8,19.8
1952-08-09,28.1,16.8
1952-08-10,28.6,18.3
1952-08-11,28.6,20.8
1952-08-12,29.4,21
1952-08-13,29.4,20.1
1952-08-14,29.1,18.9
1952-08-15,30.3,20.6
1952-08-16,31.7,21.2
1952-08-17,30,19.8
1952-08-18,29.6,20.8
1952-08-19,29,17.6
1952-08-20,27.6,18
1952-08-21,29.4,17.8
1952-08-22,36.1,21.3
1952-08-23,38.5,27.3
1952-08-24,37.7,27.3
1952-08-25,35.1,26
1952-08-26,33,23.7
1952-08-27,30.3,21.4
1952-08-28,29.2,17.2
1952-08-29,30.5,18.6
1952-08-30,29.5,18.2
1952-08-31,27.3,18
1952-09-01,30.6,19.6
1952-09-02,31,22.1
1952-09-03,29.9,20
1952-09-04,30.8,19.9
1952-09-05,34.2,22
1952-09-06,32.8,20.2
1952-09-07,31.6,19.1
1952-09-08,30.7,18.9
1952-09-09,32.7,18.5
1952-09-10,31,21.6
1952-09-11,28.7,17.3
1952-09-12,27.3,18.6
1952-09-13,29.8,18.8
1952-09-14,32,19.4
1952-09-15,33.8,22.2
1952-09-16,38,24.8
1952-09-17,34.7,25.2
1952-09-18,32,22.3
1952-09-19,33.1,21
1952-09-20,30.1,20.4
1952-09-21,30.3,20
1952-09-22,32,20.5
1952-09-23,30,18.8
1952-09-24,28.4,18.8
1952-09-25,26.7,18
1952-09-26,25.6,17
1952-09-27,26,16
1952-09-28,28.4,17
1952-09-29,33.5,17.4
1952-09-30,32.5,17.9
1952-10-01,30.7,19.3
1952-10-02,31.6,20.6
1952-10-03,32,19.3
1952-10-04,31.6,21
1952-10-05,28.3,18
1952-10-06,29.8,20
1952-10-07,24.4,17.4
1952-10-08,23.4,15.4
1952-10-09,24.4,15.3
1952-10-10,27.5,16.3
1952-10-11,25.8,16.8
1952-10-12,26.9,17.2
1952-10-13,26,17.1
1952-10-14,23.2,16.8
1952-10-15,27.7,15.3
1952-10-16,25.1,16.6
1952-10-17,25.5,16.6
1952-10-18,29,16.6
1952-10-19,28.8,18
1952-10-20,23,16.1
1952-10-21,23.6,14.7
1952-10-22,23.7,14.5
1952-10-23,26.1,14
1952-10-24,29.8,18.1
1952-10-25,28.8,19
1952-10-26,29.7,19.4
1952-10-27,31.1,21
1952-10-28,26.3,16
1952-10-29,20.6,13.7
1952-10-30,22.6,14
1952-10-31,19.2,11.5
1952-11-01,21.5,12.6
1952-11-02,23.4,13.9
1952-11-03,22.6,16.4
1952-11-04,19.8,13
1952-11-05,21,13.1
1952-11-06,23.2,14.5
1952-11-07,18.5,12.9
1952-11-08,21.2,12.6
1952-11-09,26.6,16.7
1952-11-10,25.5,15.5
1952-11-11,19.5,13
1952-11-12,15.1,8.9
1952-11-13,18.8,10.5
1952-11-14,20.7,13.2
1952-11-15,21,12.9
1952-11-16,18.9,12.2
1952-11-17,17.2,10
1952-11-18,14,6
1952-11-19,14.6,8.6
1952-11-20,14.6,8
1952-11-21,16.7,7.4
1952-11-22,14.9,9
1952-11-23,18.6,11
1952-11-24,16.3,11
1952-11-25,14,8.8
1952-11-26,15,10.5
1952-11-27,19.5,10.5
1952-11-28,19,11.5
1952-11-29,19.1,11
1952-11-30,20.6,12.1
1952-12-01,19.3,12.7
1952-12-02,19.1,11
1952-12-03,19.6,11.7
1952-12-04,20.1,11
1952-12-05,20.4,13
1952-12-06,24,14
1952-12-07,25.7,16.6
1952-12-08,24.4,17.2
1952-12-09,23,15.9
1952-12-10,21.2,14.6
1952-12-11,15.9,11.6
1952-12-12,16,9.7
1952-12-13,16,8.5
1952-12-14,13.6,6.6
1952-12-15,16.3,8.4
1952-12-16,16,7.9
1952-12-17,18.6,9.8
1952-12-18,17,9.7
1952-12-19,16.4,10
1952-12-20,15.2,8.6
1952-12-21,11.7,6
1952-12-22,12,5
1952-12-23,15.2,7.5
1952-12-24,15.1,6.1
1952-12-25,14.1,7.6
1952-12-26,11.9,5.4
1952-12-27,11.5,5.9
1952-12-28,12.7,7.6
1952-12-29,14.3,7.4
1952-12-30,15.2,6.9
1952-12-31,14.4,6
1953-01-01,15.1,5.3
1953-01-02,17.8,7.3
1953-01-03,16.1,10.2
1953-01-04,19.3,12
1953-01-05,14.3,8.7
1953-01-06,15.3,6.9
1953-01-07,18.1,9.3
1953-01-08,12,6.9
1953-01-09,14.6,6.6
1953-01-10,13.6,5.5
1953-01-11,10.3,4.1
1953-01-12,9.5,3.6
1953-01-13,12.6,4.4
1953-01-14,13.8,6.3
1953-01-15,9.3,2.2
1953-01-16,7.4,2
1953-01-17,9.7,3.5
1953-01-18,12.3,6.4
1953-01-19,11,5.8
1953-01-20,12.5,4.8
1953-01-21,13.9,6.3
1953-01-22,13.5,5.3
1953-01-23,8.3,2.9
1953-01-24,5.9,3
1953-01-25,8.5,4.1
1953-01-26,11.5,4.3
1953-01-27,13.5,5.6
1953-01-28,13.1,6
1953-01-29,14.8,8.3
1953-01-30,17.6,10
1953-01-31,12.7,6.6
1953-02-01,15,7.4
1953-02-02,13.6,7
1953-02-03,16.3,6.9
1953-02-04,13.8,8.2
1953-02-05,14.4,6
1953-02-06,11,4.3
1953-02-07,15,4.8
1953-02-08,17.3,9.7
1953-02-09,17.1,9
1953-02-10,10.5,2.3
1953-02-11,9.6,4.6
1953-02-12,13.8,4.5
1953-02-13,17,7.8
1953-02-14,20,9.7
1953-02-15,20.8,12.2
1953-02-16,20.3,14
1953-02-17,22,11.4
1953-02-18,17.4,7
1953-02-19,13.5,5.8
1953-02-20,10.5,5.4
1953-02-21,11.8,4.5
1953-02-22,12.7,5
1953-02-23,8.6,3.3
1953-02-24,10.3,4.9
1953-02-25,14.4,5
1953-02-26,14.7,6.7
1953-02-27,10.3,5
1953-02-28,9,3.8
1953-03-01,6.3,2
1953-03-02,6.7,2.9
1953-03-03,7.8,2.9
1953-03-04,5.3,0.7
1953-03-05,8.6,3
1953-03-06,11.5,4.3
1953-03-07,8,2.3
1953-03-08,8,-0.2
1953-03-09,15.5,3.9
1953-03-10,21.3,10
1953-03-11,21,9.7
1953-03-12,10.2,4.4
1953-03-13,7.6,3
1953-03-14,12.1,3.2
1953-03-15,9.9,4
1953-03-16,10.6,1.5
1953-03-17,15.1,4.6
1953-03-18,13.5,6.9
1953-03-19,9.5,5.3
1953-03-20,8.3,3
1953-03-21,6.2,3
1953-03-22,9,3.8
1953-03-23,6.5,-0.6
1953-03-24,9,1.3
1953-03-25,10.6,1.6
1953-03-26,15.5,5.3
1953-03-27,19.7,8.8
1953-03-28,24.5,15
1953-03-29,22.6,15.9
1953-03-30,20.7,14.7
1953-03-31,22.6,11.8
1953-04-01,17.1,9
1953-04-02,13,8
1953-04-03,14.5,7.4
1953-04-04,14.9,7
1953-04-05,14.5,7.4
1953-04-06,13.2,6
1953-04-07,15,7.2
1953-04-08,14.4,6
1953-04-09,14.6,7.6
1953-04-10,18.4,8
1953-04-11,23,12.4
1953-04-12,26.7,16.3
1953-04-13,26.3,13.6
1953-04-14,15.6,8.6
1953-04-15,18.8,6.6
1953-04-16,28,13.7
1953-04-17,28.5,18.7
1953-04-18,27.4,19.2
1953-04-19,20.7,10.2
1953-04-20,17,8
1953-04-21,21.7,9.8
1953-04-22,21,13.6
1953-04-23,22.7,13
1953-04-24,22.8,15
1953-04-25,21.6,11.7
1953-04-26,19.5,11
1953-04-27,18.6,9
1953-04-28,25.3,11.4
1953-04-29,27,15.2
1953-04-30,27.4,19
1953-05-01,26,15.1
1953-05-02,20.1,11.5
1953-05-03,22,9.5
1953-05-04,25,13.1
1953-05-05,30.5,18.4
1953-05-06,28.7,13
1953-05-07,17.2,11
1953-05-08,20.6,9
1953-05-09,25.6,12.3
1953-05-10,27.6,13.3
1953-05-11,20.6,11
1953-05-12,21.6,10.8
1953-05-13,25.8,15
1953-05-14,29,19.1
1953-05-15,31.5,21.5
1953-05-16,31.8,20
1953-05-17,27.3,14.2
1953-05-18,21.3,12.2
1953-05-19,23.3,11.8
1953-05-20,27.4,14.3
1953-05-21,25,14.6
1953-05-22,24.2,13
1953-05-23,24,13
1953-05-24,31.6,17.3
1953-05-25,27.2,18.6
1953-05-26,27,18.1
1953-05-27,25.3,15.5
1953-05-28,23.3,15.5
1953-05-29,22.3,14.8
1953-05-30,22.4,12.6
1953-05-31,27.5,13.7
1953-06-01,32.3,19.6
1953-06-02,29.7,15.6
1953-06-03,25.4,15.7
1953-06-04,23.1,12.2
1953-06-05,25.6,13
1953-06-06,27.8,17
1953-06-07,28.6,18.2
1953-06-08,28.4,19.8
1953-06-09,28.1,19.8
1953-06-10,29.8,18
1953-06-11,29.6,17.7
1953-06-12,25.1,13.9
1953-06-13,28,13.7
1953-06-14,26.3,15
1953-06-15,26,13.8
1953-06-16,33.2,16.3
1953-06-17,30,16.4
1953-06-18,24.9,14.2
1953-06-19,24.6,14
1953-06-20,27.6,16.8
1953-06-21,28.3,17.9
1953-06-22,25.3,14.8
1953-06-23,26,15.8
1953-06-24,27,15.1
1953-06-25,27.7,18.8
1953-06-26,29,18.5
1953-06-27,26.9,19
1953-06-28,24.5,16.4
1953-06-29,26.3,15.4
1953-06-30,24.5,16.6
1953-07-01,26.4,16.6
1953-07-02,26,15.5
1953-07-03,27.1,17.1
1953-07-04,27.9,18
1953-07-05,26.3,16.8
1953-07-06,27.3,17.2
1953-07-07,26,16.6
1953-07-08,27.9,15
1953-07-09,28,19.3
1953-07-10,28.7,18.4
1953-07-11,27.9,19.3
1953-07-12,27.5,16.4
1953-07-13,30.5,19.2
1953-07-14,30,21.6
1953-07-15,27.8,15.6
1953-07-16,31,21
1953-07-17,33.7,23.4
1953-07-18,34,25.2
1953-07-19,36,26.7
1953-07-20,35,26.5
1953-07-21,34.5,24.5
1953-07-22,35.2,25.1
1953-07-23,33.6,24
1953-07-24,30,19.6
1953-07-25,28.5,18
1953-07-26,30,17.5
1953-07-27,29.8,20.3
1953-07-28,28.1,18.3
1953-07-29,29.3,18.9
1953-07-30,29,20.3
1953-07-31,28.6,20.8
1953-08-01,29.4,18
1953-08-02,30,18.6
1953-08-03,29.6,18.4
1953-08-04,28,18.3
1953-08-05,30.9,18.8
1953-08-06,31.7,22.2
1953-08-07,32.3,23
1953-08-08,33.6,25
1953-08-09,31.6,18.8
1953-08-10,27.7,18.7
1953-08-11,27.3,19
1953-08-12,28.1,19
1953-08-13,26.3,17.3
1953-08-14,25.7,17.7
1953-08-15,28.9,17.6
1953-08-16,26.6,18
1953-08-17,28.2,17
1953-08-18,29.6,17.6
1953-08-19,28.1,17.3
1953-08-20,28,18.6
1953-08-21,28.8,17.9
1953-08-22,28.7,17
1953-08-23,28.6,16.8
1953-08-24,28.6,16.8
1953-08-25,29.6,17
1953-08-26,27.7,17.6
1953-08-27,28.3,15.8
1953-08-28,27.8,16
1953-08-29,28.1,16
1953-08-30,29.5,17.2
1953-08-31,29.3,19
1953-09-01,26.4,18.2
1953-09-02,26,16.2
1953-09-03,27.6,16.8
1953-09-04,29.3,17.3
1953-09-05,27.1,17
1953-09-06,27.3,17.3
1953-09-07,26,16
1953-09-08,24.6,15.8
1953-09-09,20,13.8
1953-09-10,24.6,13.5
1953-09-11,25,14.3
1953-09-12,26.2,14.5
1953-09-13,30.6,15.3
1953-09-14,26.1,17
1953-09-15,26.4,16.1
1953-09-16,24.7,15.6
1953-09-17,24.2,15.5
1953-09-18,25.3,15.7
1953-09-19,27.4,14.5
1953-09-20,28.5,17
1953-09-21,28,17.5
1953-09-22,28,17.1
1953-09-23,24.6,14.9
1953-09-24,29.5,14.3
1953-09-25,32.4,20.1
1953-09-26,34.6,24.9
1953-09-27,35,23.5
1953-09-28,33.2,23.4
1953-09-29,31,19.7
1953-09-30,26.4,17.3
1953-10-01,26.2,16
1953-10-02,29,16.3
1953-10-03,30.8,17.6
1953-10-04,33.7,20.8
1953-10-05,31.1,21.8
1953-10-06,26.6,19
1953-10-07,26.4,16.1
1953-10-08,30.7,18.4
1953-10-09,31.7,21.3
1953-10-10,33.4,22.1
1953-10-11,34.5,22.2
1953-10-12,32.2,20.3
1953-10-13,27.8,17.3
1953-10-14,22.2,16
1953-10-15,22.3,14.9
1953-10-16,22.3,13.6
1953-10-17,22,13.6
1953-10-18,23.5,14
1953-10-19,23.5,14
1953-10-20,21.5,13.9
1953-10-21,23.5,13.1
1953-10-22,22.2,13.8
1953-10-23,23.3,13.7
1953-10-24,22.2,13
1953-10-25,21.3,13.7
1953-10-26,21.6,13.5
1953-10-27,23.1,13.4
1953-10-28,25.7,16
1953-10-29,21.1,14.1
1953-10-30,20.5,12.2
1953-10-31,21,12.2
1953-11-01,20.5,12.2
1953-11-02,21.8,12.4
1953-11-03,25,15.3
1953-11-04,21.6,12.6
1953-11-05,23.7,14.3
1953-11-06,24.1,14.6
1953-11-07,21.9,14.2
1953-11-08,21,12.4
1953-11-09,22.7,14.3
1953-11-10,19.6,12.3
1953-11-11,20.3,12
1953-11-12,24.1,14.9
1953-11-13,19.6,12.3
1953-11-14,19.2,11.5
1953-11-15,20.5,11.3
1953-11-16,17.3,10.4
1953-11-17,16.1,10.2
1953-11-18,12,3.8
1953-11-19,4.9,0.9
1953-11-20,7.7,2.5
1953-11-21,9.6,5
1953-11-22,12.6,7.4
1953-11-23,13.6,7.5
1953-11-24,14.6,8.3
1953-11-25,11.4,8
1953-11-26,10.7,6
1953-11-27,11,4.9
1953-11-28,6,1.5
1953-11-29,7.3,1.6
1953-11-30,6.5,0.9
1953-12-01,9.1,2.5
1953-12-02,12,3.5
1953-12-03,11.6,5.8
1953-12-04,13.4,6.7
1953-12-05,13.3,6.6
1953-12-06,14.1,6.8
1953-12-07,14.6,7
1953-12-08,13.1,6.1
1953-12-09,10,4.8
1953-12-10,9.6,3
1953-12-11,11.6,3.4
1953-12-12,11.5,4
1953-12-13,12,4.4
1953-12-14,10.5,5
1953-12-15,9.3,3.7
1953-12-16,9.6,3.8
1953-12-17,7.6,4.9
1953-12-18,6.3,2.2
1953-12-19,2.8,-0.3
1953-12-20,3.8,-0.2
1953-12-21,6.7,0.6
1953-12-22,9.6,2.7
1953-12-23,8.8,4.8
1953-12-24,14.6,6
1953-12-25,10.6,7.1
1953-12-26,14.5,7.1
1953-12-27,17.3,9.8
1953-12-28,18.3,8.6
1953-12-29,16.3,8.8
1953-12-30,14.1,9.8
1953-12-31,17.2,9.2
1954-01-01,11.7,5.9
1954-01-02,9.4,4.3
1954-01-03,9.2,3.9
1954-01-04,9,5
1954-01-05,12.9,4.7
1954-01-06,11,4.9
1954-01-07,17.2,6.3
1954-01-08,17.2,9
1954-01-09,12.5,7.2
1954-01-10,8.6,4.8
1954-01-11,7.8,2.3
1954-01-12,10.3,1.6
1954-01-13,8.2,2.9
1954-01-14,11.2,2.6
1954-01-15,9.9,3.8
1954-01-16,10.5,2.7
1954-01-17,12.3,3.1
1954-01-18,12.1,4.9
1954-01-19,12.3,5
1954-01-20,8.1,2
1954-01-21,5.4,2
1954-01-22,9.6,4.5
1954-01-23,12.1,6.6
1954-01-24,12.7,6.5
1954-01-25,11.6,4.4
1954-01-26,12.8,6.2
1954-01-27,8.2,5.6
1954-01-28,10.1,4.6
1954-01-29,16.5,4.9
1954-01-30,10.6,5.5
1954-01-31,13.8,5.5
1954-02-01,16.6,8
1954-02-02,17,10
1954-02-03,22,6.9
1954-02-04,11,4.1
1954-02-05,11.1,5
1954-02-06,15,5
1954-02-07,10.1,5
1954-02-08,10,5.4
1954-02-09,10.3,3.1
1954-02-10,8.7,4.6
1954-02-11,10,4.8
1954-02-12,14.7,6.8
1954-02-13,15.1,8.8
1954-02-14,13.7,7.8
1954-02-15,9.2,4.6
1954-02-16,10.9,6.9
1954-02-17,14.7,6.3
1954-02-18,15.6,10.5
1954-02-19,18.5,9
1954-02-20,12.5,6.4
1954-02-21,14.8,6.7
1954-02-22,16.5,7.8
1954-02-23,14.8,6
1954-02-24,10.2,5.3
1954-02-25,11.2,5.8
1954-02-26,8.4,3.6
1954-02-27,9.2,4.6
1954-02-28,11.8,4.2
1954-03-01,13.4,6.1
1954-03-02,16.1,6.7
1954-03-03,18.7,8.5
1954-03-04,18,10.3
1954-03-05,19.6,12
1954-03-06,13.5,7.6
1954-03-07,14.3,7.4
1954-03-08,15.6,7.6
1954-03-09,18.3,7.9
1954-03-10,13,5.3
1954-03-11,14.6,5.5
1954-03-12,19.3,8.5
1954-03-13,18.6,9
1954-03-14,14.1,7.7
1954-03-15,16.4,7.3
1954-03-16,22.3,11.4
1954-03-17,19.3,8.7
1954-03-18,12.2,7.4
1954-03-19,16.6,5.9
1954-03-20,23.5,11.5
1954-03-21,24.5,15.6
1954-03-22,22.9,14.8
1954-03-23,17.3,9.9
1954-03-24,11.1,7.3
1954-03-25,13.2,7.3
1954-03-26,17.3,6.5
1954-03-27,18.5,8.8
1954-03-28,22.5,10.8
1954-03-29,26.4,15.7
1954-03-30,26.1,19
1954-03-31,23.1,13.9
1954-04-01,18.5,8
1954-04-02,10,7.2
1954-04-03,11.6,8.9
1954-04-04,13.8,8.4
1954-04-05,11.6,6.8
1954-04-06,12.5,6.7
1954-04-07,14.6,6.9
1954-04-08,15.8,7.7
1954-04-09,16.7,7.9
1954-04-10,16.4,9.5
1954-04-11,13.3,8.6
1954-04-12,13.4,8
1954-04-13,15.8,7
1954-04-14,11.6,7
1954-04-15,18.7,6.7
1954-04-16,20.6,9.9
1954-04-17,18,11.3
1954-04-18,16.4,8
1954-04-19,20,7.7
1954-04-20,21.2,11.5
1954-04-21,27.1,11.2
1954-04-22,26.4,13
1954-04-23,20.6,9.8
1954-04-24,24,12.6
1954-04-25,15.1,9.6
1954-04-26,14.8,6.5
1954-04-27,15.3,7
1954-04-28,22.2,7.3
1954-04-29,25.8,16.1
1954-04-30,26.7,14.9
1954-05-01,26.8,18
1954-05-02,27.8,19
1954-05-03,23.6,15.3
1954-05-04,20.6,12.1
1954-05-05,23.3,8.3
1954-05-06,26.6,14.5
1954-05-07,21.9,12.2
1954-05-08,19.6,8.4
1954-05-09,23.8,10.2
1954-05-10,25.9,15.2
1954-05-11,25.7,12.3
1954-05-12,17.7,10.4
1954-05-13,19.3,9.3
1954-05-14,18.7,10
1954-05-15,22,10
1954-05-16,22.6,10.6
1954-05-17,26.6,13.7
1954-05-18,29.2,17.7
1954-05-19,29.4,21.3
1954-05-20,34.8,23.1
1954-05-21,29.4,18.6
1954-05-22,30,20.2
1954-05-23,32.6,22.3
1954-05-24,34.7,24.4
1954-05-25,33.2,24
1954-05-26,32.8,24.4
1954-05-27,31.7,22.1
1954-05-28,33.7,23.1
1954-05-29,30,19.5
1954-05-30,26.2,17.8
1954-05-31,25.5,14.3
1954-06-01,24.1,12.6
1954-06-02,25.8,14.1
1954-06-03,26.6,14.6
1954-06-04,26.7,15.8
1954-06-05,28.4,18.3
1954-06-06,29.3,19.4
1954-06-07,26.8,17.8
1954-06-08,25.8,13.9
1954-06-09,27.7,18.5
1954-06-10,28.6,18.8
1954-06-11,26.1,15.3
1954-06-12,24.5,14.4
1954-06-13,24.6,13.5
1954-06-14,26.7,17
1954-06-15,26.7,16.2
1954-06-16,26,17.6
1954-06-17,27.6,18.2
1954-06-18,28.3,19.5
1954-06-19,28.2,19.5
1954-06-20,28.2,19.3
1954-06-21,27.6,18.5
1954-06-22,27.6,15
1954-06-23,25.3,15.4
1954-06-24,23.8,16.1
1954-06-25,25.8,16
1954-06-26,28.2,17.1
1954-06-27,27.8,15.1
1954-06-28,27.8,16
1954-06-29,28.3,16.1
1954-06-30,28.4,18.2
1954-07-01,30.2,19.2
1954-07-02,30.1,21
1954-07-03,28.4,19.6
1954-07-04,28.1,17.1
1954-07-05,25.8,17
1954-07-06,26.5,15.1
1954-07-07,27.4,15.1
1954-07-08,28.6,19.4
1954-07-09,29.1,19.1
1954-07-10,29.1,20.5
1954-07-11,27.7,20.9
1954-07-12,28,17.8
1954-07-13,32.6,20.7
1954-07-14,36.2,21.8
1954-07-15,32.6,22.8
1954-07-16,30.4,18
1954-07-17,31.2,16.7
1954-07-18,32.7,19.7
1954-07-19,31.5,17.8
1954-07-20,29,18
1954-07-21,26.7,17.3
1954-07-22,28.2,17
1954-07-23,29.8,20
1954-07-24,29,20.5
1954-07-25,28.8,19.7
1954-07-26,31.4,18.5
1954-07-27,31.2,21.2
1954-07-28,29.3,20.2
1954-07-29,30.1,19.2
1954-07-30,31.7,23
1954-07-31,32.7,24.9
1954-08-01,32.2,23.6
1954-08-02,29.3,21.8
1954-08-03,27.4,17.7
1954-08-04,29.6,16.8
1954-08-05,30.4,19.3
1954-08-06,29.4,20.2
1954-08-07,29.9,20
1954-08-08,28,19.1
1954-08-09,25.4,18
1954-08-10,28.3,18.4
1954-08-11,29,19.1
1954-08-12,31.8,21.7
1954-08-13,31.8,23.4
1954-08-14,31.7,23.7
1954-08-15,33.8,23.4
1954-08-16,32.8,23.7
1954-08-17,30.2,21
1954-08-18,31.2,20.7
1954-08-19,28.7,18.9
1954-08-20,30.4,19
1954-08-21,36.3,17.8
1954-08-22,39.4,25.1
1954-08-23,33,22.6
1954-08-24,28.6,18.9
1954-08-25,30.4,18.5
1954-08-26,32.1,18
1954-08-27,30.4,19
1954-08-28,30.3,19.8
1954-08-29,29,18.5
1954-08-30,28.2,18.2
1954-08-31,29.3,17.7
1954-09-01,26.6,17.8
1954-09-02,24.8,17.6
1954-09-03,24.8,16.8
1954-09-04,25,16.3
1954-09-05,26.5,16.3
1954-09-06,27.4,16.6
1954-09-07,26.2,16.7
1954-09-08,26,16
1954-09-09,26.7,17.1
1954-09-10,27.4,17.3
1954-09-11,28.1,16.6
1954-09-12,28.5,18.7
1954-09-13,27.8,19.4
1954-09-14,25.4,16.2
1954-09-15,24.6,16.2
1954-09-16,24.7,18.2
1954-09-17,26.6,15.8
1954-09-18,27.8,18.1
1954-09-19,26.7,15.6
1954-09-20,26,16.9
1954-09-21,31.6,16.8
1954-09-22,32.6,22.3
1954-09-23,32.5,18.2
1954-09-24,30.8,19.3
1954-09-25,27,18
1954-09-26,23.4,16.3
1954-09-27,23.3,14
1954-09-28,25.1,15
1954-09-29,30.1,14.3
1954-09-30,31.3,20
1954-10-01,29.3,17.3
1954-10-02,24.9,17.2
1954-10-03,27.8,14.1
1954-10-04,26.6,15.5
1954-10-05,30.9,18.3
1954-10-06,30.4,19.3
1954-10-07,20.4,15.2
1954-10-08,22.8,12.3
1954-10-09,26.3,15.6
1954-10-10,24.1,15.8
1954-10-11,24.8,15.3
1954-10-12,31.8,15.8
1954-10-13,32.3,22.6
1954-10-14,29.2,19.7
1954-10-15,29.9,18.1
1954-10-16,26.3,15.7
1954-10-17,24.4,13.8
1954-10-18,24.2,14.5
1954-10-19,27.2,17.8
1954-10-20,25.3,15
1954-10-21,22.7,16.2
1954-10-22,21.4,14
1954-10-23,21.7,13.5
1954-10-24,23.6,14
1954-10-25,25,15.3
1954-10-26,26.3,16.2
1954-10-27,21.6,14.5
1954-10-28,22.3,13.6
1954-10-29,23.9,14.8
1954-10-30,23.6,15.6
1954-10-31,21.6,14.2
1954-11-01,22,13
1954-11-02,21,14.2
1954-11-03,21.8,14.3
1954-11-04,22.4,13.2
1954-11-05,21.4,13.5
1954-11-06,22.2,14.5
1954-11-07,21,13
1954-11-08,21.2,12.2
1954-11-09,21.4,13.1
1954-11-10,23.1,14.1
1954-11-11,22.8,15.3
1954-11-12,24.3,16.6
1954-11-13,22.5,15
1954-11-14,21.9,14.3
1954-11-15,23,15
1954-11-16,25,15.8
1954-11-17,19.8,13.6
1954-11-18,19.7,12.3
1954-11-19,20,12.9
1954-11-20,18.3,13.7
1954-11-21,14.3,10
1954-11-22,18.1,9.4
1954-11-23,11.2,7.5
1954-11-24,10,7.5
1954-11-25,12.3,8.3
1954-11-26,15.6,9.1
1954-11-27,15.4,8.6
1954-11-28,15.6,9.1
1954-11-29,15.1,10.3
1954-11-30,13.5,8.1
1954-12-01,13.8,8.2
1954-12-02,15.7,8.4
1954-12-03,15.6,8.5
1954-12-04,14.7,8
1954-12-05,11.9,5.5
1954-12-06,9.4,3.3
1954-12-07,11,7
1954-12-08,13.7,6.6
1954-12-09,16.4,9.4
1954-12-10,15,7.2
1954-12-11,13.2,7.4
1954-12-12,13,6.9
1954-12-13,13.4,6.3
1954-12-14,17.1,8.6
1954-12-15,14.8,9.8
1954-12-16,21.3,12
1954-12-17,18,10.5
1954-12-18,16.6,9.2
1954-12-19,17.6,9.2
1954-12-20,14.6,9.3
1954-12-21,12.1,8.2
1954-12-22,12,7.1
1954-12-23,13.1,7
1954-12-24,14.7,7.5
1954-12-25,14.4,6.8
1954-12-26,15.3,6.7
1954-12-27,10.1,4.9
1954-12-28,7,3.7
1954-12-29,6.6,4.1
1954-12-30,7.7,2.6
1954-12-31,10.2,4.3
1955-01-01,12.3,4.7
1955-01-02,12,5.7
1955-01-03,11.2,6.3
1955-01-04,12,6
1955-01-05,12.7,6
1955-01-06,12.7,5.3
1955-01-07,12.2,5.4
1955-01-08,13.6,6.2
1955-01-09,13.4,7
1955-01-10,18,8.2
1955-01-11,14.6,7
1955-01-12,14,8.6
1955-01-13,16.2,8.2
1955-01-14,15.3,8.8
1955-01-15,17.2,9.8
1955-01-16,17.1,11
1955-01-17,15.9,10.8
1955-01-18,15,9.1
1955-01-19,17.2,9.7
1955-01-20,17.6,11.2
1955-01-21,17,10.3
1955-01-22,18.5,10.3
1955-01-23,17.6,11
1955-01-24,13.9,9.1
1955-01-25,13.6,8.2
1955-01-26,12.3,8
1955-01-27,12.8,5.6
1955-01-28,16,7
1955-01-29,18.5,10.8
1955-01-30,14.1,6.5
1955-01-31,12.8,6.4
1955-02-01,13.8,7.2
1955-02-02,16,7.7
1955-02-03,17.5,9.3
1955-02-04,14.9,9.4
1955-02-05,15,7.9
1955-02-06,12,6.9
1955-02-07,14,8.5
1955-02-08,17.2,9.2
1955-02-09,18.6,10.6
1955-02-10,12.8,9.2
1955-02-11,14,8.9
1955-02-12,16,8.9
1955-02-13,18.9,10.2
1955-02-14,14.4,9.2
1955-02-15,16.6,7.7
1955-02-16,14.8,8.9
1955-02-17,17.5,6.8
1955-02-18,20.2,12.7
1955-02-19,21.8,13.7
1955-02-20,23.1,13.9
1955-02-21,23.6,15.2
1955-02-22,18.4,7.5
1955-02-23,12.6,6.3
1955-02-24,11.8,6.5
1955-02-25,16.9,7.1
1955-02-26,22.8,12.4
1955-02-27,24.6,15.8
1955-02-28,25.5,17.3
1955-03-01,24.5,17.4
1955-03-02,25,17
1955-03-03,17.2,9.2
1955-03-04,13,7.8
1955-03-05,15,7
1955-03-06,16,9
1955-03-07,14.3,6.1
1955-03-08,17.8,6.1
1955-03-09,22.4,12.2
1955-03-10,21.3,13.4
1955-03-11,14.2,9
1955-03-12,12,6.5
1955-03-13,11.8,7
1955-03-14,20.1,6.7
1955-03-15,13.1,7.8
1955-03-16,11,6.2
1955-03-17,15.4,7.8
1955-03-18,12.7,6.7
1955-03-19,15.4,6.2
1955-03-20,14.7,6.4
1955-03-21,17.3,8
1955-03-22,17.6,5.8
1955-03-23,17.3,7.9
1955-03-24,19.6,10.5
1955-03-25,16.6,9
1955-03-26,15.3,7.4
1955-03-27,13.6,7.1
1955-03-28,15.2,7.3
1955-03-29,20.5,8.7
1955-03-30,23.5,12.6
1955-03-31,27.8,16.3
1955-04-01,30.7,21
1955-04-02,31.9,22.3
1955-04-03,30.2,20.7
1955-04-04,25.6,13.4
1955-04-05,20.6,10.6
1955-04-06,16.8,10
1955-04-07,15,9
1955-04-08,13.3,7.2
1955-04-09,11.4,6.4
1955-04-10,13.2,6.9
1955-04-11,15,8
1955-04-12,20.4,8.1
1955-04-13,24.1,14.6
1955-04-14,21.4,11.2
1955-04-15,26.4,13.4
1955-04-16,18.8,10.6
1955-04-17,22.6,9.3
1955-04-18,24.3,13.5
1955-04-19,16,9.5
1955-04-20,21.1,9
1955-04-21,17.5,10.5
1955-04-22,16.7,9.3
1955-04-23,23.3,10.2
1955-04-24,28.2,18.5
1955-04-25,24.4,13.2
1955-04-26,22,12.2
1955-04-27,19.6,11.2
1955-04-28,17.1,10.2
1955-04-29,22.4,10.7
1955-04-30,19.8,11.7
1955-05-01,19,9.4
1955-05-02,17.2,9.5
1955-05-03,14.6,9.6
1955-05-04,16.8,9.5
1955-05-05,20.2,10.8
1955-05-06,21.4,11
1955-05-07,25.7,14.5
1955-05-08,26.6,19.5
1955-05-09,25.3,18
1955-05-10,23.7,13.4
1955-05-11,24.8,16.6
1955-05-12,27.4,16.3
1955-05-13,22.3,12.6
1955-05-14,19.8,11.6
1955-05-15,22.7,11.6
1955-05-16,24,14.2
1955-05-17,22.6,14.4
1955-05-18,23.6,12.6
1955-05-19,22.4,12.5
1955-05-20,22.8,14.3
1955-05-21,22.6,13.3
1955-05-22,26.8,17.3
1955-05-23,27.6,18.8
1955-05-24,25.3,15.3
1955-05-25,22.8,13.6
1955-05-26,27.4,12.3
1955-05-27,30.8,19.4
1955-05-28,33.3,21
1955-05-29,32.5,22.5
1955-05-30,29.1,20.1
1955-05-31,29.7,20.4
1955-06-01,28.8,20.3
1955-06-02,30,18.5
1955-06-03,32,21.5
1955-06-04,26,18.1
1955-06-05,26.2,15.2
1955-06-06,27.5,14.9
1955-06-07,27.8,17.3
1955-06-08,26.1,15.7
1955-06-09,29.6,16.8
1955-06-10,34.7,17.3
1955-06-11,37.3,25.3
1955-06-12,36,27.4
1955-06-13,31.7,23.5
1955-06-14,28.8,19.4
1955-06-15,26.2,14.8
1955-06-16,28.3,15
1955-06-17,25.6,15.5
1955-06-18,27.2,15
1955-06-19,32,16.7
1955-06-20,31.6,19.7
1955-06-21,30,20
1955-06-22,32.8,20
1955-06-23,30.1,21.8
1955-06-24,30.3,20.3
1955-06-25,30.3,20
1955-06-26,29,18.2
1955-06-27,26.4,17.1
1955-06-28,26.2,16.6
1955-06-29,25.7,15.9
1955-06-30,29.7,18.3
1955-07-01,28.4,15.8
1955-07-02,27.5,16.5
1955-07-03,28.1,18
1955-07-04,28.6,18.9
1955-07-05,27.8,19
1955-07-06,28,15.4
1955-07-07,29,19.8
1955-07-08,29.2,17.8
1955-07-09,29.2,16
1955-07-10,28.2,15.8
1955-07-11,28.2,15.6
1955-07-12,28.4,15.5
1955-07-13,28.9,18.5
1955-07-14,30,19.9
1955-07-15,29.2,20
1955-07-16,28.1,16.9
1955-07-17,25.9,17
1955-07-18,25.3,17.2
1955-07-19,26,17.2
1955-07-20,25.4,17.3
1955-07-21,25.5,17.4
1955-07-22,28,19.3
1955-07-23,28.8,20.2
1955-07-24,28.4,20.4
1955-07-25,32,21.8
1955-07-26,28.5,20.7
1955-07-27,27.7,17.6
1955-07-28,30.5,18.9
1955-07-29,31,18.7
1955-07-30,32.6,21.1
1955-07-31,28.2,20
1955-08-01,25.7,17.5
1955-08-02,25.7,16.9
1955-08-03,27.4,17.4
1955-08-04,29.3,18.2
1955-08-05,30.7,21.4
1955-08-06,27,18.5
1955-08-07,27.8,17
1955-08-08,27,18.3
1955-08-09,27.3,17
1955-08-10,28.5,16.1
1955-08-11,27.5,16.7
1955-08-12,26.8,16.4
1955-08-13,24.9,17.2
1955-08-14,26.5,17.3
1955-08-15,28.6,17.1
1955-08-16,29.8,17.9
1955-08-17,28.3,19.9
1955-08-18,27,17.5
1955-08-19,27,16.9
1955-08-20,26.8,17
1955-08-21,27.6,16.8
1955-08-22,28.6,17
1955-08-23,27.5,17
1955-08-24,27.9,16.5
1955-08-25,29.3,16.5
1955-08-26,31,17.8
1955-08-27,29,19.6
1955-08-28,27.8,17.3
1955-08-29,28.7,16.8
1955-08-30,30.2,18.4
1955-08-31,27.2,17.3
1955-09-01,23.5,17.7
1955-09-02,26,16.6
1955-09-03,28.2,19.5
1955-09-04,33.7,21.8
1955-09-05,30.7,22.6
1955-09-06,27.3,18.5
1955-09-07,26.1,17.7
1955-09-08,25.3,17.5
1955-09-09,25.4,16.7
1955-09-10,26.4,17
1955-09-11,27.1,16.9
1955-09-12,28.3,17.8
1955-09-13,29.9,17.7
1955-09-14,28.8,17.6
1955-09-15,29,17.1
1955-09-16,30,21.2
1955-09-17,29.1,16.7
1955-09-18,30.9,20.1
1955-09-19,27.7,18.6
1955-09-20,25.6,17.5
1955-09-21,27.8,15.3
1955-09-22,26.5,16.5
1955-09-23,24,16.2
1955-09-24,27.9,15.5
1955-09-25,30,17.7
1955-09-26,27.3,16.8
1955-09-27,23.6,17
1955-09-28,25.2,16
1955-09-29,26,14.7
1955-09-30,26.5,15.6
1955-10-01,27.7,17.1
1955-10-02,31,19.8
1955-10-03,33.6,23.9
1955-10-04,27.7,19.1
1955-10-05,23,16
1955-10-06,20.6,14.8
1955-10-07,24.6,14.7
1955-10-08,29,15.8
1955-10-09,31.5,21.5
1955-10-10,29.2,21.6
1955-10-11,26.2,17.4
1955-10-12,28.7,17.6
1955-10-13,30.1,19.4
1955-10-14,26.5,16.3
1955-10-15,30.5,17
1955-10-16,28.2,18.3
1955-10-17,28,15.8
1955-10-18,24.6,15.6
1955-10-19,28,14.5
1955-10-20,28.6,18.4
1955-10-21,30.4,21.3
1955-10-22,31.2,22.4
1955-10-23,31.2,22.8
1955-10-24,30.2,22.6
1955-10-25,29.4,21.5
1955-10-26,29.4,20.5
1955-10-27,25.8,16.8
1955-10-28,19,14
1955-10-29,19.4,13
1955-10-30,21,12.8
1955-10-31,22.2,12.2
1955-11-01,22.3,14.6
1955-11-02,23,14.5
1955-11-03,23.4,14.2
1955-11-04,25.9,15.8
1955-11-05,24.7,16.9
1955-11-06,22.2,15.2
1955-11-07,18,13.6
1955-11-08,15.2,12.6
1955-11-09,15.5,12.5
1955-11-10,18.5,11.5
1955-11-11,15.5,11.3
1955-11-12,16.5,10.5
1955-11-13,16,10.6
1955-11-14,17,10.6
1955-11-15,20,11.6
1955-11-16,18.8,12.7
1955-11-17,18,11.2
1955-11-18,21.8,14
1955-11-19,22.4,14
1955-11-20,20.4,12.3
1955-11-21,17.6,12.2
1955-11-22,17.1,11.1
1955-11-23,13.9,8
1955-11-24,11,7.3
1955-11-25,15.2,8.5
1955-11-26,19.3,11.5
1955-11-27,22,14
1955-11-28,15.6,11.2
1955-11-29,12.6,7.5
1955-11-30,10.4,7.3
1955-12-01,13,8.1
1955-12-02,11.2,6.7
1955-12-03,11.5,6.5
1955-12-04,11,5.1
1955-12-05,10.6,6.3
1955-12-06,13.8,8.4
1955-12-07,10,3
1955-12-08,9.7,5.6
1955-12-09,13,5.8
1955-12-10,12.5,8
1955-12-11,10.8,7.9
1955-12-12,13,8.9
1955-12-13,16.6,8.2
1955-12-14,12.6,7.7
1955-12-15,10.3,7.4
1955-12-16,13,7.1
1955-12-17,12.5,7.5
1955-12-18,13,8.3
1955-12-19,17.7,11
1955-12-20,19.2,10.8
1955-12-21,21.8,13.6
1955-12-22,18.6,13.5
1955-12-23,18.2,12.7
1955-12-24,15.3,10
1955-12-25,12.3,8.7
1955-12-26,10.2,7.5
1955-12-27,14.8,7.6
1955-12-28,13.6,7.8
1955-12-29,12,6.6
1955-12-30,9.2,5.6
1955-12-31,14.5,5.2
1956-01-01,14.4,7.1
1956-01-02,15,7.1
1956-01-03,13,7
1956-01-04,12.7,7.5
1956-01-05,9.3,6.3
1956-01-06,8.8,5.7
1956-01-07,11.9,6.2
1956-01-08,15,6.8
1956-01-09,12,7.4
1956-01-10,13.1,6.4
1956-01-11,13.6,7.1
1956-01-12,11.8,7.6
1956-01-13,9.8,2.6
1956-01-14,-,1.6
1956-01-15,9.8,3.5
1956-01-16,12.7,6.1
1956-01-17,13,6.3
1956-01-18,12.1,6.4
1956-01-19,13.5,6.5
1956-01-20,14.8,7
1956-01-21,16.1,7.1
1956-01-22,17.7,8.9
1956-01-23,18.1,9
1956-01-24,17.4,9.6
1956-01-25,15.2,8.1
1956-01-26,18.4,9.6
1956-01-27,15.5,7.1
1956-01-28,7.6,4
1956-01-29,10.4,5.6
1956-01-30,8,3.6
1956-01-31,7.8,2.3
1956-02-01,12.1,4
1956-02-02,16,5
1956-02-03,15,7
1956-02-04,16.5,7.7
1956-02-05,19.8,12
1956-02-06,17.2,9.9
1956-02-07,10.4,5.6
1956-02-08,9,2.7
1956-02-09,10.4,5.8
1956-02-10,7.2,1
1956-02-11,12.7,3.6
1956-02-12,15.4,6.3
1956-02-13,17.4,7.7
1956-02-14,22,11.9
1956-02-15,20.8,10
1956-02-16,11.6,7.3
1956-02-17,15.2,6.2
1956-02-18,20.2,11.5
1956-02-19,22.7,14
1956-02-20,20.8,11
1956-02-21,13.2,9.4
1956-02-22,11,7.4
1956-02-23,12.1,7.6
1956-02-24,11.8,6.5
1956-02-25,13.8,5.5
1956-02-26,19.5,10.4
1956-02-27,19.6,15.1
1956-02-28,19.6,9.2
1956-02-29,11.3,6.8
1956-03-01,8.8,5.9
1956-03-02,8.7,2.8
1956-03-03,8.5,4.2
1956-03-04,13,5.6
1956-03-05,17,6.5
1956-03-06,20.6,9.5
1956-03-07,16.1,8.7
1956-03-08,10.2,6.5
1956-03-09,16,5
1956-03-10,17.5,7.2
1956-03-11,19,9.3
1956-03-12,10.5,5.9
1956-03-13,18,5.3
1956-03-14,22,10.5
1956-03-15,11.6,7.1
1956-03-16,10.2,6.1
1956-03-17,12.8,4.8
1956-03-18,13.8,6.3
1956-03-19,15,8.2
1956-03-20,13.2,7.3
1956-03-21,17.6,8.1
1956-03-22,13,7.2
1956-03-23,12.4,6
1956-03-24,15.1,3.1
1956-03-25,17.5,9
1956-03-26,14.6,6.7
1956-03-27,16.1,5.3
1956-03-28,12.6,5.6
1956-03-29,8.8,3.5
1956-03-30,7.4,1.8
1956-03-31,9.7,1.6
1956-04-01,16,3
1956-04-02,21.4,11
1956-04-03,21.3,9.5
1956-04-04,10.5,7.6
1956-04-05,18.3,6
1956-04-06,24.6,10.5
1956-04-07,25.1,17.3
1956-04-08,24.2,13.2
1956-04-09,21.8,13.5
1956-04-10,16,7.2
1956-04-11,11.1,5.1
1956-04-12,16.2,5.5
1956-04-13,18.8,7.9
1956-04-14,21.6,11.8
1956-04-15,19.3,9.5
1956-04-16,17.7,10
1956-04-17,17.4,9.5
1956-04-18,20,9
1956-04-19,24,12.3
1956-04-20,24,15.2
1956-04-21,19.5,10.9
1956-04-22,20.6,11.3
1956-04-23,26.6,14
1956-04-24,29.2,18.9
1956-04-25,28,16.9
1956-04-26,18.5,10.5
1956-04-27,26.6,10.5
1956-04-28,25,11.7
1956-04-29,17.3,10.2
1956-04-30,21.5,9.4
1956-05-01,26.6,13.3
1956-05-02,21.3,11.2
1956-05-03,15.8,9
1956-05-04,16.5,10.1
1956-05-05,16.9,9.3
1956-05-06,16.9,8.7
1956-05-07,15,8.1
1956-05-08,17.8,9.4
1956-05-09,21.6,9.3
1956-05-10,26.2,13.6
1956-05-11,21.5,12.3
1956-05-12,21.2,10.3
1956-05-13,25,12.6
1956-05-14,26.3,17.3
1956-05-15,24.2,11.3
1956-05-16,28,15
1956-05-17,32,21
1956-05-18,21.7,12.1
1956-05-19,19,10.7
1956-05-20,22,11.6
1956-05-21,25.1,12.1
1956-05-22,29.2,16.8
1956-05-23,28.5,18
1956-05-24,27.3,18
1956-05-25,27.9,18.5
1956-05-26,27.3,17
1956-05-27,25,16.2
1956-05-28,21,13.3
1956-05-29,25.6,11
1956-05-30,28.3,16.4
1956-05-31,22.1,12.3
1956-06-01,23.4,12.7
1956-06-02,28.3,15.3
1956-06-03,32.6,20.1
1956-06-04,35.3,23.4
1956-06-05,33.6,23.4
1956-06-06,27.2,15.9
1956-06-07,24.1,12.7
1956-06-08,24.8,12.4
1956-06-09,24.9,13.5
1956-06-10,25.8,13.8
1956-06-11,31.7,17.6
1956-06-12,33.8,20.1
1956-06-13,33.7,20.6
1956-06-14,35.5,24.2
1956-06-15,34.7,25.1
1956-06-16,28.3,20.5
1956-06-17,27.2,16.3
1956-06-18,28.7,19.1
1956-06-19,28.4,20.3
1956-06-20,27,17.1
1956-06-21,24.8,15
1956-06-22,26.3,14.7
1956-06-23,25.7,14.8
1956-06-24,25.8,15.2
1956-06-25,23.3,15
1956-06-26,24.2,15.3
1956-06-27,29,15
1956-06-28,25.2,18
1956-06-29,24.3,16.2
1956-06-30,27,15
1956-07-01,29.4,14.9
1956-07-02,28.2,17
1956-07-03,27.6,17.6
1956-07-04,27.3,16
1956-07-05,26.5,14.5
1956-07-06,25.3,15.8
1956-07-07,26.8,16.2
1956-07-08,29,18
1956-07-09,26.5,17
1956-07-10,29,19.3
1956-07-11,27.7,15.8
1956-07-12,27.2,15.1
1956-07-13,26.7,15.8
1956-07-14,28.4,19.6
1956-07-15,25.2,16.5
1956-07-16,28.8,16
1956-07-17,30.4,21.1
1956-07-18,33.3,22
1956-07-19,28.6,19.4
1956-07-20,28.5,17.6
1956-07-21,28.4,18.2
1956-07-22,33.7,19.7
1956-07-23,36.8,26.1
1956-07-24,37.8,27.5
1956-07-25,37.2,26.6
1956-07-26,33.6,24.6
1956-07-27,30.5,20
1956-07-28,31,17.4
1956-07-29,31.8,20.3
1956-07-30,32.2,20.3
1956-07-31,31.6,21.3
1956-08-01,29,19.1
1956-08-02,28.8,18.2
1956-08-03,29.7,20
1956-08-04,30.1,20
1956-08-05,30.2,17.8
1956-08-06,34.7,18
1956-08-07,35.5,25.7
1956-08-08,35.7,24.8
1956-08-09,35.2,24.5
1956-08-10,35.1,20.5
1956-08-11,36.9,25.7
1956-08-12,33.6,25.5
1956-08-13,32.2,22.5
1956-08-14,31.8,22.5
1956-08-15,28.7,18.5
1956-08-16,28.3,17.1
1956-08-17,29,17.5
1956-08-18,29.4,18.3
1956-08-19,29.7,17.2
1956-08-20,28.2,17.8
1956-08-21,28.2,18.1
1956-08-22,29.8,18.5
1956-08-23,30.2,20.7
1956-08-24,30.8,21
1956-08-25,31.2,21.9
1956-08-26,32,20.8
1956-08-27,36.5,23.7
1956-08-28,37.2,26.8
1956-08-29,35.3,23.8
1956-08-30,32.6,22
1956-08-31,30.6,17.8
1956-09-01,33.2,22.1
1956-09-02,32,23
1956-09-03,30,19.7
1956-09-04,28.5,19.1
1956-09-05,28.7,18.5
1956-09-06,28.5,20
1956-09-07,26.2,17.8
1956-09-08,27.3,16.8
1956-09-09,28.3,17.4
1956-09-10,28.6,20.6
1956-09-11,27.4,16.8
1956-09-12,29.4,17.8
1956-09-13,31,20.2
1956-09-14,30.3,19.6
1956-09-15,29,20.3
1956-09-16,26.3,17.5
1956-09-17,28.6,15.7
1956-09-18,24.8,17.8
1956-09-19,23,16.2
1956-09-20,24.6,14.9
1956-09-21,26.4,15.6
1956-09-22,27,15.3
1956-09-23,26,15.1
1956-09-24,24.3,14.8
1956-09-25,24.6,15.2
1956-09-26,26.5,15
1956-09-27,23.7,15
1956-09-28,28,14.2
1956-09-29,30,20
1956-09-30,30.8,20.2
1956-10-01,31.6,21.3
1956-10-02,26.3,18.5
1956-10-03,24.7,16
1956-10-04,24.6,15
1956-10-05,27,13.5
1956-10-06,26,14.4
1956-10-07,24.4,16.2
1956-10-08,24.5,14.3
1956-10-09,25.8,14.2
1956-10-10,26.3,14.7
1956-10-11,26.5,17.6
1956-10-12,23.2,15.5
1956-10-13,21.6,13.5
1956-10-14,24.9,13.5
1956-10-15,21,13.5
1956-10-16,19.2,12.7
1956-10-17,19.7,12.6
1956-10-18,21.6,11.8
1956-10-19,20.9,12.1
1956-10-20,20.2,11.6
1956-10-21,24.6,12.8
1956-10-22,25.9,14.7
1956-10-23,25.5,15.7
1956-10-24,25.5,16.5
1956-10-25,26.7,16.8
1956-10-26,26.7,17.2
1956-10-27,24.4,15.6
1956-10-28,23.4,12.1
1956-10-29,24.4,13.8
1956-10-30,26,15
1956-10-31,20.6,13.4
1956-11-01,18.9,11.8
1956-11-02,20.4,10
1956-11-03,24.2,14.3
1956-11-04,26,16.9
1956-11-05,28.3,17.8
1956-11-06,26.3,15.2
1956-11-07,15.8,11.2
1956-11-08,13.5,8.4
1956-11-09,12,8.3
1956-11-10,13.8,7.5
1956-11-11,14.5,7
1956-11-12,17,8.4
1956-11-13,20,10.3
1956-11-14,22.8,13.5
1956-11-15,23,13.6
1956-11-16,23.8,15.7
1956-11-17,24.7,15.2
1956-11-18,21,14.2
1956-11-19,24,14.1
1956-11-20,26.5,17.5
1956-11-21,26.2,19
1956-11-22,25,15.6
1956-11-23,25.6,16.5
1956-11-24,25.5,16.3
1956-11-25,21.6,12
1956-11-26,16.2,10
1956-11-27,16.4,9.6
1956-11-28,17.4,10.5
1956-11-29,17.3,10
1956-11-30,19.4,11.1
1956-12-01,21.7,14.6
1956-12-02,25.3,17.5
1956-12-03,26.5,18.4
1956-12-04,26.5,14
1956-12-05,16.8,10.5
1956-12-06,13.8,10
1956-12-07,13.6,8.7
1956-12-08,10.7,7
1956-12-09,9.2,5.4
1956-12-10,7,1
1956-12-11,5.6,1
1956-12-12,10,2
1956-12-13,12.6,3.7
1956-12-14,11.9,4.5
1956-12-15,12.2,4.5
1956-12-16,10.2,4.1
1956-12-17,10,3
1956-12-18,8.3,3.8
1956-12-19,9,3.7
1956-12-20,6.7,3.7
1956-12-21,6.4,3
1956-12-22,9.2,5.4
1956-12-23,12,5.3
1956-12-24,12.3,5.5
1956-12-25,15.2,9.2
1956-12-26,14.5,7.3
1956-12-27,11,5.2
1956-12-28,12.5,7
1956-12-29,12,7
1956-12-30,11.6,6.5
1956-12-31,13,6.7
1957-01-01,10.5,5.9
1957-01-02,12.5,5
1957-01-03,14.1,5.9
1957-01-04,13.8,6.2
1957-01-05,10.4,4.5
1957-01-06,8.1,3.6
1957-01-07,8,0.5
1957-01-08,9.7,2
1957-01-09,10.1,1.7
1957-01-10,11,2.7
1957-01-11,6,2.2
1957-01-12,8.9,3
1957-01-13,12,4.9
1957-01-14,12.3,5.1
1957-01-15,14.8,5.5
1957-01-16,13,4.1
1957-01-17,14.9,5.3
1957-01-18,10,6
1957-01-19,7.2,2.2
1957-01-20,6.4,0.5
1957-01-21,7.2,1.7
1957-01-22,6.6,0
1957-01-23,6.9,-1.2
1957-01-24,11.4,1
1957-01-25,14.8,5
1957-01-26,12.9,6.5
1957-01-27,13.4,7.8
1957-01-28,12.2,7.8
1957-01-29,10.4,5.5
1957-01-30,7.6,3.2
1957-01-31,6.8,3
1957-02-01,4.8,-1
1957-02-02,1.5,-1
1957-02-03,5.5,-0.9
1957-02-04,6.7,-1.4
1957-02-05,8.2,2
1957-02-06,11.6,5.3
1957-02-07,11.6,5.6
1957-02-08,13.1,6.9
1957-02-09,14,7.3
1957-02-10,10.2,5
1957-02-11,10,6.2
1957-02-12,14.6,6.5
1957-02-13,11.5,6.4
1957-02-14,15.2,5.2
1957-02-15,14.4,5.5
1957-02-16,18,6.4
1957-02-17,20.8,9.3
1957-02-18,20.8,11.8
1957-02-19,20.8,12
1957-02-20,16.6,6.4
1957-02-21,19.6,9
1957-02-22,18.3,10.5
1957-02-23,16.6,8.6
1957-02-24,15.5,6.6
1957-02-25,10,5.9
1957-02-26,8,4.8
1957-02-27,15.4,5.7
1957-02-28,17,7.4
1957-03-01,20.6,12
1957-03-02,20.6,13.6
1957-03-03,15.6,8
1957-03-04,11.6,5
1957-03-05,10,4.2
1957-03-06,6.3,2
1957-03-07,8.4,2
1957-03-08,12.4,5.2
1957-03-09,18,7.5
1957-03-10,15,7.5
1957-03-11,13.2,7.3
1957-03-12,10,5.6
1957-03-13,9.8,4.5
1957-03-14,6.6,3.6
1957-03-15,9.4,2.4
1957-03-16,11.7,4.6
1957-03-17,14.6,4.8
1957-03-18,20,8.5
1957-03-19,20.8,13.8
1957-03-20,24,16.8
1957-03-21,21,15.1
1957-03-22,21.9,14.7
1957-03-23,20,12.5
1957-03-24,13.6,9.2
1957-03-25,14.4,9.5
1957-03-26,19.4,9.3
1957-03-27,20.6,11.6
1957-03-28,22.2,12.9
1957-03-29,17.8,12.7
1957-03-30,14.2,7.8
1957-03-31,9.8,6.3
1957-04-01,11.8,7.5
1957-04-02,11.2,6.8
1957-04-03,12.6,7
1957-04-04,16,7
1957-04-05,19.6,9.1
1957-04-06,18.3,10.4
1957-04-07,14.2,8.2
1957-04-08,17.4,7.7
1957-04-09,20,10.3
1957-04-10,21.8,13.8
1957-04-11,23.6,12.7
1957-04-12,26.7,15
1957-04-13,28.7,20.1
1957-04-14,31.2,20.4
1957-04-15,31.8,23
1957-04-16,32,19.2
1957-04-17,20.2,9.9
1957-04-18,15.4,8
1957-04-19,12.6,7
1957-04-20,14,6.8
1957-04-21,12.8,7
1957-04-22,12.2,5.1
1957-04-23,16.8,6.6
1957-04-24,22.6,12.2
1957-04-25,24.6,16.2
1957-04-26,20.6,12.4
1957-04-27,17.5,9.3
1957-04-28,16.6,8.4
1957-04-29,13.2,8.9
1957-04-30,17,8.5
1957-05-01,20.8,10
1957-05-02,25.8,13.5
1957-05-03,23.5,12.7
1957-05-04,26.7,13
1957-05-05,23.2,12
1957-05-06,15.6,10
1957-05-07,21.2,9.1
1957-05-08,19.6,14
1957-05-09,19.4,12.9
1957-05-10,19.6,12.2
1957-05-11,23.8,14.3
1957-05-12,20.6,11.7
1957-05-13,23.5,13.8
1957-05-14,22.8,14.2
1957-05-15,21,12
1957-05-16,22.7,12
1957-05-17,23,13
1957-05-18,19.6,11.5
1957-05-19,23.4,10.7
1957-05-20,26.2,15
1957-05-21,29.5,18.6
1957-05-22,28.2,19.2
1957-05-23,26,15.2
1957-05-24,19.6,11.6
1957-05-25,18.7,12
1957-05-26,20.2,11.8
1957-05-27,23.2,11
1957-05-28,28.4,16.4
1957-05-29,33.1,21
1957-05-30,34.6,25
1957-05-31,32,23.4
1957-06-01,30.2,22.2
1957-06-02,29.9,21.5
1957-06-03,23,14.6
1957-06-04,22.5,14.8
1957-06-05,23.8,13.4
1957-06-06,29,16
1957-06-07,32.5,20.8
1957-06-08,26.6,19
1957-06-09,22.2,14.5
1957-06-10,24.2,13.7
1957-06-11,25.2,14.4
1957-06-12,25,15.7
1957-06-13,23.6,14.7
1957-06-14,25.1,16.8
1957-06-15,26.2,17.1
1957-06-16,24.4,15.4
1957-06-17,26.8,16.6
1957-06-18,26,15.4
1957-06-19,27.7,16.6
1957-06-20,30.8,18.4
1957-06-21,30,18.3
1957-06-22,29.9,20.4
1957-06-23,30,21.6
1957-06-24,29.5,21.6
1957-06-25,29.6,21
1957-06-26,28.5,22
1957-06-27,29.8,22
1957-06-28,27.6,19.6
1957-06-29,25.4,15.6
1957-06-30,25,16.5
1957-07-01,23.8,16
1957-07-02,22.8,16
1957-07-03,24.2,15.8
1957-07-04,29.1,18.7
1957-07-05,29.3,22.3
1957-07-06,27,17.3
1957-07-07,27.7,17.5
1957-07-08,31.5,19.6
1957-07-09,31,21
1957-07-10,30.4,21.8
1957-07-11,27.8,19.5
1957-07-12,29,17.7
1957-07-13,27.9,19.8
1957-07-14,24.6,17.3
1957-07-15,24.4,17.9
1957-07-16,27.5,17.9
1957-07-17,30.6,20.2
1957-07-18,30,21.3
1957-07-19,28.7,19.5
1957-07-20,27,17.3
1957-07-21,27.5,17
1957-07-22,29.2,17.4
1957-07-23,29.7,19.5
1957-07-24,28.5,18.2
1957-07-25,27.4,17
1957-07-26,29,16.2
1957-07-27,32.5,18.6
1957-07-28,32.6,19.3
1957-07-29,29.2,18
1957-07-30,29.7,18
1957-07-31,34,18.6
1957-08-01,30.9,20.5
1957-08-02,29.8,19
1957-08-03,31.2,18.8
1957-08-04,30,19.4
1957-08-05,28.5,19.8
1957-08-06,28.7,19.4
1957-08-07,26.2,17.8
1957-08-08,27.6,17.6
1957-08-09,28.6,17.8
1957-08-10,29.9,19.9
1957-08-11,29.6,19.2
1957-08-12,29,19.1
1957-08-13,31,20.2
1957-08-14,31.7,20.2
1957-08-15,33,23.3
1957-08-16,33,21.6
1957-08-17,32.8,23.3
1957-08-18,35,20.6
1957-08-19,35.5,22.4
1957-08-20,36.4,23.3
1957-08-21,35.5,24.4
1957-08-22,35.3,24.6
1957-08-23,29.5,19.2
1957-08-24,29.1,18.8
1957-08-25,27.7,17
1957-08-26,27,17.4
1957-08-27,27.6,17.5
1957-08-28,26.7,17.4
1957-08-29,30,16.9
1957-08-30,29.5,17.4
1957-08-31,29.5,18.4
1957-09-01,28.8,17.4
1957-09-02,26.4,17
1957-09-03,26,17.5
1957-09-04,26.3,16.4
1957-09-05,27,17.7
1957-09-06,31.4,17.7
1957-09-07,33,23.2
1957-09-08,30,19.6
1957-09-09,29.8,19.2
1957-09-10,29,18.7
1957-09-11,25.8,18.4
1957-09-12,26.2,18
1957-09-13,26.2,16.8
1957-09-14,26.2,16.5
1957-09-15,27.5,17
1957-09-16,30.7,17.4
1957-09-17,29.3,19
1957-09-18,28.2,18.3
1957-09-19,26.2,17.4
1957-09-20,26.5,16
1957-09-21,27,15.9
1957-09-22,26.6,16
1957-09-23,27.5,16.4
1957-09-24,29.3,18.6
1957-09-25,29.5,21
1957-09-26,26,17.5
1957-09-27,24.2,16.8
1957-09-28,23,16
1957-09-29,24.6,16
1957-09-30,27.4,16.5
1957-10-01,26.4,17
1957-10-02,27.5,16.3
1957-10-03,28.7,16.5
1957-10-04,30.5,20
1957-10-05,32,19.9
1957-10-06,34,23.5
1957-10-07,35.6,25.5
1957-10-08,34.5,24.8
1957-10-09,28.6,19.4
1957-10-10,23,17.6
1957-10-11,24.5,17.2
1957-10-12,24.4,15
1957-10-13,25.7,16.2
1957-10-14,24,17.6
1957-10-15,23.2,16.3
1957-10-16,22.6,14.4
1957-10-17,21.5,15
1957-10-18,22.7,14
1957-10-19,29.7,16.1
1957-10-20,28.6,17.8
1957-10-21,22,15
1957-10-22,18.8,14.8
1957-10-23,22.2,13.9
1957-10-24,26.4,16.8
1957-10-25,28.5,19.2
1957-10-26,26.8,17.6
1957-10-27,26.8,17
1957-10-28,27.4,21
1957-10-29,31.4,22.2
1957-10-30,29.2,21.8
1957-10-31,30.6,20.8
1957-11-01,26.2,18.6
1957-11-02,23.2,15.8
1957-11-03,21.3,14.4
1957-11-04,21.3,14
1957-11-05,25,15.2
1957-11-06,17.4,12.7
1957-11-07,16.3,12.2
1957-11-08,19.4,11.9
1957-11-09,20.3,12.7
1957-11-10,21.6,13.2
1957-11-11,23.6,14.3
1957-11-12,26,16.2
1957-11-13,25.2,15.3
1957-11-14,20.4,13.6
1957-11-15,15.4,12.5
1957-11-16,15.8,11.1
1957-11-17,13.3,9.5
1957-11-18,15.2,9.4
1957-11-19,16.8,10.7
1957-11-20,21.7,12.5
1957-11-21,20,12.6
1957-11-22,16.8,9.8
1957-11-23,17.7,10
1957-11-24,20,11
1957-11-25,17.2,11.8
1957-11-26,18,10.2
1957-11-27,17,10.6
1957-11-28,19.6,11.4
1957-11-29,14,9.8
1957-11-30,15.3,9
1957-12-01,16.6,9.8
1957-12-02,16.5,10
1957-12-03,15.4,10
1957-12-04,12.9,8.2
1957-12-05,11.2,6.6
1957-12-06,9,3.9
1957-12-07,9.6,3.7
1957-12-08,9.2,3.6
1957-12-09,7.6,4.2
1957-12-10,13.7,4.2
1957-12-11,15.4,6.7
1957-12-12,15.2,8
1957-12-13,17.7,10
1957-12-14,18.4,10.9
1957-12-15,20.3,10.8
1957-12-16,23,13.1
1957-12-17,21.4,15.2
1957-12-18,21.6,13.7
1957-12-20,10.9,6.9
1957-12-21,13.7,7
1957-12-22,14.2,6.6
1957-12-23,14.6,8
1957-12-24,11.2,6.8
1957-12-25,13,7.3
1957-12-26,12,6.4
1957-12-27,12.7,6.4
1957-12-28,12.4,5.7
1957-12-29,13.7,6.4
1957-12-30,14,6.2
1957-12-31,15.4,6.2
1958-01-01,19.7,11.9
1958-01-02,17.2,9.8
1958-01-03,11.2,6.4
1958-01-04,9.9,7
1958-01-05,8,5.2
1958-01-06,8.2,5
1958-01-07,9.6,5.4
1958-01-08,14.2,5.6
1958-01-09,13.8,7
1958-01-10,10.6,2
1958-01-11,10.7,2.4
1958-01-12,13.9,6.2
1958-01-13,19.2,10.8
1958-01-14,21.7,13.2
1958-01-15,15.3,8.4
1958-01-16,11.2,7.2
1958-01-17,11.3,7.2
1958-01-18,13.2,6.3
1958-01-19,16.5,7.6
1958-01-20,15.4,8.2
1958-01-21,12,6.8
1958-01-22,13.5,6.4
1958-01-23,13,7
1958-01-24,15.9,8.2
1958-01-25,16,8.2
1958-01-26,11,5
1958-01-27,7.6,4.5
1958-01-28,8.2,3
1958-01-29,7.7,3.7
1958-01-30,5.8,1
1958-01-31,7.8,3.7
1958-02-01,9.4,1.9
1958-02-02,10.6,4.6
1958-02-03,11.7,4.2
1958-02-04,10.2,2.6
1958-02-05,9,4.4
1958-02-06,9.2,4.2
1958-02-07,12.7,4.6
1958-02-08,13.5,6.9
1958-02-09,15,6.4
1958-02-10,17.5,7.6
1958-02-11,17.7,7.6
1958-02-12,17.8,9.7
1958-02-13,16.5,9.6
1958-02-14,17.2,9
1958-02-15,14.4,6.1
1958-02-16,14.5,6.4
1958-02-17,15.8,6.2
1958-02-18,20.5,8.2
1958-02-19,19,11.6
1958-02-20,19.9,11.5
1958-02-21,19.6,9.9
1958-02-22,10.4,6.1
1958-02-23,12.6,6.4
1958-02-24,13.7,6.1
1958-02-25,16.2,8
1958-02-26,20,9.5
1958-02-27,22.2,11.8
1958-02-28,25.2,14
1958-03-01,27.3,12.2
1958-03-02,14.5,7.2
1958-03-03,14.2,5.3
1958-03-04,14.8,7.2
1958-03-05,15.2,7
1958-03-06,19.4,8.7
1958-03-07,23.5,12.7
1958-03-08,20.2,8.7
1958-03-09,13,7.6
1958-03-10,18.3,7
1958-03-11,19.2,9.4
1958-03-12,24.5,11.2
1958-03-13,20.2,8.5
1958-03-14,9.3,5.6
1958-03-15,13.8,4.1
1958-03-16,18.4,5.8
1958-03-17,19.2,10.7
1958-03-18,19.6,11.6
1958-03-19,24.7,12.3
1958-03-20,27.8,17.6
1958-03-21,27.6,18.3
1958-03-22,21,9.4
1958-03-23,17.5,7.4
1958-03-24,10,5.2
1958-03-25,15.6,5.6
1958-03-26,20.8,7.8
1958-03-27,25.4,12.2
1958-03-28,15.3,9.5
1958-03-29,20.3,8.9
1958-03-30,27.4,16.8
1958-03-31,31,19.4
1958-04-01,28.4,14.7
1958-04-02,20,10.4
1958-04-03,20.2,8.2
1958-04-04,20.8,10.8
1958-04-05,21.5,8.4
1958-04-06,27.2,14
1958-04-07,26.8,17.5
1958-04-08,20.2,12.4
1958-04-09,27.2,13.2
1958-04-10,23.2,11.1
1958-04-11,16,9.8
1958-04-12,18.9,7.6
1958-04-13,24,9.9
1958-04-14,30.2,18.4
1958-04-15,30.6,21.4
1958-04-16,32,19.9
1958-04-17,27,17.6
1958-04-18,30,15.9
1958-04-19,28.7,11
1958-04-20,15.4,9.4
1958-04-21,11.5,7.8
1958-04-22,15,7.8
1958-04-23,21.8,8.1
1958-04-24,28.3,16.2
1958-04-25,32,20.2
1958-04-26,32.1,22.1
1958-04-27,31.2,19.7
1958-04-28,21.8,15
1958-04-29,17.2,10.6
1958-04-30,20.2,9.1
1958-05-01,19.8,10.4
1958-05-02,18.5,9
1958-05-03,18.9,9.4
1958-05-04,18.5,10.7
1958-05-05,18.8,8.7
1958-05-06,16.8,9.4
1958-05-07,18.4,9.2
1958-05-08,22.2,10.1
1958-05-09,22.5,12.8
1958-05-10,18.5,10.5
1958-05-11,22.2,12.6
1958-05-12,30,15.5
1958-05-13,29,21.4
1958-05-14,26.8,19
1958-05-15,27,18.6
1958-05-16,28,18.6
1958-05-17,29,17.6
1958-05-18,31.7,20.7
1958-05-19,29,17.8
1958-05-20,29.5,19.6
1958-05-21,28.4,18.3
1958-05-22,27,12.8
1958-05-23,23.1,13.4
1958-05-24,21.2,12.7
1958-05-25,26,13
1958-05-26,25.5,15.6
1958-05-27,21,13.6
1958-05-28,22,13.4
1958-05-29,22.8,13.6
1958-05-30,22.3,13.8
1958-05-31,24.2,13.7
1958-06-01,25.2,15.2
1958-06-02,26,16.8
1958-06-03,26.2,17.5
1958-06-04,26.8,17.4
1958-06-05,25.7,18.2
1958-06-06,27.5,17.8
1958-06-07,27.2,17.6
1958-06-08,24,16.4
1958-06-09,21,14.4
1958-06-10,21.4,13.9
1958-06-11,23.8,13.2
1958-06-12,31.3,16.8
1958-06-13,35.2,21
1958-06-14,36.2,26.7
1958-06-15,31,21.4
1958-06-16,25.2,16.4
1958-06-17,23.2,14.6
1958-06-18,21.4,14.2
1958-06-19,22,13.8
1958-06-20,22.6,13.6
1958-06-21,26.3,13.7
1958-06-22,27.6,13.2
1958-06-23,27.6,15.7
1958-06-24,29.2,18.2
1958-06-25,30.2,20
1958-06-26,31,21.6
1958-06-27,29.8,22
1958-06-28,28.4,18.8
1958-06-29,30,20.2
1958-06-30,28.5,19
1958-07-01,25.6,15.8
1958-07-02,24.6,16
1958-07-03,28.4,16.4
1958-07-04,30.7,18.2
1958-07-05,31,21.2
1958-07-06,30,20.4
1958-07-07,30,22
1958-07-08,29,17
1958-07-09,26.6,18
1958-07-10,24.2,17.8
1958-07-11,25.2,15.8
1958-07-12,30,15.4
1958-07-13,32,20.6
1958-07-14,27.8,16.8
1958-07-15,26.8,16.8
1958-07-16,26.6,16.4
1958-07-17,26.5,17
1958-07-18,31,17.5
1958-07-19,31.3,20.9
1958-07-20,28,17.5
1958-07-21,27.5,17
1958-07-22,28.2,17.8
1958-07-23,28.2,16.6
1958-07-24,28,19.8
1958-07-25,27.6,16
1958-07-26,27.3,17
1958-07-27,27,17.2
1958-07-28,30.2,19.2
1958-07-29,30.4,21.4
1958-07-30,29.5,20.2
1958-07-31,28.2,17.6
1958-08-01,27.6,17.2
1958-08-02,29.5,20
1958-08-03,29.7,22
1958-08-04,31.6,22.2
1958-08-05,30.2,21.2
1958-08-06,28.5,18.8
1958-08-07,29.2,18.4
1958-08-08,29.8,19.8
1958-08-09,30.1,21.4
1958-08-10,27.8,18.3
1958-08-11,25.4,18
1958-08-12,29.5,16.8
1958-08-13,29.2,18
1958-08-14,28.4,19.2
1958-08-15,26.8,18
1958-08-16,28,18.3
1958-08-17,31,17.8
1958-08-18,30.6,21.8
1958-08-19,30,21.6
1958-08-20,28,19.8
1958-08-21,28.1,16.1
1958-08-22,34.2,19.3
1958-08-23,38.2,25
1958-08-24,37.7,25.7
1958-08-25,34.8,23.7
1958-08-26,34.3,24.8
1958-08-27,34.2,25
1958-08-28,30,20.8
1958-08-29,26.3,18.4
1958-08-30,25,17
1958-08-31,25,16.4
1958-09-01,25.2,16.4
1958-09-02,25.2,18
1958-09-03,27.8,17.3
1958-09-04,32,19.4
1958-09-05,27.6,20.1
1958-09-06,26.8,17.8
1958-09-07,25.5,16.2
1958-09-08,23.4,15.8
1958-09-09,22.6,16.2
1958-09-10,23.8,15.4
1958-09-11,27.4,16
1958-09-12,32.6,19.8
1958-09-13,26.6,17.5
1958-09-14,27,15.8
1958-09-15,25.8,15.3
1958-09-16,25.2,17
1958-09-17,22.2,16.2
1958-09-18,23,15
1958-09-19,29,15.6
1958-09-20,31.7,22.2
1958-09-21,29,19.6
1958-09-22,28.4,19.4
1958-09-23,29.2,19.2
1958-09-24,33.5,20
1958-09-25,28.5,17.8
1958-09-26,25.5,17.4
1958-09-27,26,16.4
1958-09-28,24.7,15
1958-09-29,23.2,15.6
1958-09-30,25.9,14.6
1958-10-01,26.6,15.8
1958-10-02,24.4,15.4
1958-10-03,23.3,14.8
1958-10-04,23.4,14.8
1958-10-05,23,14
1958-10-06,22,15.3
1958-10-07,24.6,15
1958-10-08,27.6,17
1958-10-09,26.8,18
1958-10-10,24.2,15.7
1958-10-11,23,15.2
1958-10-12,22.2,15
1958-10-13,23,14.4
1958-10-14,23,14
1958-10-15,22.8,14.4
1958-10-16,21.6,14
1958-10-17,21.8,14.4
1958-10-18,26.4,15.8
1958-10-19,26.5,17.4
1958-10-20,29.2,17.3
1958-10-21,24.2,14.8
1958-10-22,23.6,15
1958-10-23,24.5,14.2
1958-10-24,21.8,12.7
1958-10-25,22.4,13
1958-10-26,20.6,13
1958-10-27,18.8,13.2
1958-10-28,19.6,12.4
1958-10-29,21,13.2
1958-10-30,22.6,13.2
1958-10-31,25.2,14.3
1958-11-01,25,16.7
1958-11-02,19.4,13.2
1958-11-03,18.6,14.4
1958-11-04,20.2,13.2
1958-11-05,20.7,13.2
1958-11-06,20.4,13.2
1958-11-07,23,13.7
1958-11-08,24.2,15
1958-11-09,25.7,15.8
1958-11-10,26.7,17
1958-11-11,19.7,13.2
1958-11-12,22,12.8
1958-11-13,19.3,14.2
1958-11-14,20.2,12.5
1958-11-15,23,15.2
1958-11-16,23.5,15.8
1958-11-17,23.2,15.7
1958-11-18,23.9,15.2
1958-11-19,22.5,16.4
1958-11-20,19,11.7
1958-11-21,15.6,10
1958-11-22,10.5,4
1958-11-23,13.8,5
1958-11-24,17.8,9.4
1958-11-25,15.6,6.6
1958-11-26,15.2,7
1958-11-27,15.5,7.8
1958-11-28,21.3,12
1958-11-29,20.3,12
1958-11-30,13.8,9.5
1958-12-01,13.8,8.6
1958-12-02,16,9.4
1958-12-03,12.5,9.4
1958-12-04,17,9.3
1958-12-05,19.4,10.8
1958-12-06,18.8,10.8
1958-12-07,21.5,12.8
1958-12-08,15.2,11.3
1958-12-09,13.8,10
1958-12-10,14.8,9
1958-12-11,15.5,8.2
1958-12-12,16.4,8.2
1958-12-13,18.4,11.1
1958-12-14,11.8,8.8
1958-12-15,15.6,8.8
1958-12-16,15.6,9.8
1958-12-17,16.3,10.1
1958-12-18,16.8,9.2
1958-12-19,17,10.6
1958-12-20,18.7,10.3
1958-12-21,17.9,11.4
1958-12-22,16.7,9.8
1958-12-23,17.7,10
1958-12-24,19,11.1
1958-12-25,20.2,11.2
1958-12-26,21.6,12.2
1958-12-27,15.2,10.5
1958-12-28,15.5,8.2
1958-12-29,15.5,9.4
1958-12-30,15.2,9.5
1958-12-31,16.2,8.2
1959-01-01,15.8,8.2
1959-01-02,14.6,8.2
1959-01-03,18.4,8.4
1959-01-04,17.4,10.6
1959-01-05,19.8,10.8
1959-01-06,15.8,9
1959-01-07,9.2,4.5
1959-01-08,8.6,4.5
1959-01-09,13.8,6.8
1959-01-10,17,7.6
1959-01-11,17,9.4
1959-01-12,13.2,8.1
1959-01-13,15.7,8.2
1959-01-14,14.4,10.1
1959-01-15,12.8,7.8
1959-01-16,14.5,7.8
1959-01-17,16.5,9
1959-01-18,17.3,9.4
1959-01-19,9.6,3.4
1959-01-20,7.4,3.3
1959-01-21,9,3.6
1959-01-22,9.5,5.2
1959-01-23,11.4,6
1959-01-24,11.8,7
1959-01-25,13.2,5.8
1959-01-26,14.5,6.6
1959-01-27,16.8,8.4
1959-01-28,16,8.8
1959-01-29,10.4,5.5
1959-01-30,8.5,3.8
1959-01-31,8,3.6
1959-02-01,7.8,3.2
1959-02-02,10.4,3.2
1959-02-03,10.4,4
1959-02-04,11.2,5.3
1959-02-05,8.7,2.2
1959-02-06,8,-1
1959-02-07,12.2,3.8
1959-02-08,8.7,3.8
1959-02-09,8.6,1.3
1959-02-10,10.7,1.4
1959-02-11,15.2,4.4
1959-02-12,11,4.8
1959-02-13,7.2,4.5
1959-02-14,6.5,3.3
1959-02-15,5.6,0
1959-02-16,4.7,-0.5
1959-02-17,7.6,3
1959-02-18,7.8,3
1959-02-19,6.8,3.5
1959-02-20,6,1.3
1959-02-21,8.2,1.4
1959-02-22,10.3,2.2
1959-02-23,10.4,4
1959-02-24,8.5,-2
1959-02-25,3.7,-1.9
1959-02-26,5.7,1.3
1959-02-27,3.6,-0.2
1959-02-28,5.1,-0.3
1959-03-01,6.6,1.8
1959-03-02,7.8,3.3
1959-03-03,8.6,1.1
1959-03-04,7,2.6
1959-03-05,6.5,2
1959-03-06,8.4,2
1959-03-07,10.4,3.3
1959-03-08,13.3,4.2
1959-03-09,18.6,8.7
1959-03-10,19.6,11.1
1959-03-11,22.8,13.8
1959-03-12,24.8,12.6
1959-03-13,16.7,8.7
1959-03-14,24.4,11.8
1959-03-15,26.3,14.2
1959-03-16,19.8,9
1959-03-17,13.7,8.2
1959-03-18,12.8,7.8
1959-03-19,14.2,6.5
1959-03-20,18.3,6.6
1959-03-21,12,7.9
1959-03-22,9.4,5
1959-03-23,11.2,6.4
1959-03-24,13.4,6.2
1959-03-25,11.9,6.4
1959-03-26,11.2,7.1
1959-03-27,15.4,6
1959-03-28,16.2,5.5
1959-03-29,18.8,8.5
1959-03-30,15.6,9.4
1959-03-31,17,7.3
1959-04-01,21.2,8.5
1959-04-02,26.5,13.3
1959-04-03,23.8,14.4
1959-04-04,14.9,9.2
1959-04-05,15.6,7.4
1959-04-06,12.6,6
1959-04-07,18.7,6
1959-04-08,23.2,10
1959-04-09,25.3,14.3
1959-04-10,24.6,15.5
1959-04-11,23.7,13.5
1959-04-12,18.8,10.6
1959-04-13,17.2,8.4
1959-04-14,13,8.3
1959-04-15,17.2,8.8
1959-04-16,22.6,9.8
1959-04-17,19,10.4
1959-04-18,26.1,10.4
1959-04-19,30.2,17
1959-04-20,27,16
1959-04-21,27.7,13.7
1959-04-22,34.9,19.7
1959-04-23,28.6,15.7
1959-04-24,20.2,12
1959-04-25,18.6,9
1959-04-26,25.3,9.8
1959-04-27,30.7,16.6
1959-04-28,24,13.6
1959-04-29,20.5,10.2
1959-04-30,17,10.3
1959-05-01,21.2,8.6
1959-05-02,27.9,12
1959-05-03,27.5,17.8
1959-05-04,26.8,15
1959-05-05,24.5,13.7
1959-05-06,20.8,10.7
1959-05-07,22.3,10.9
1959-05-08,18.8,9
1959-05-09,18.3,9.8
1959-05-10,23.2,10.4
1959-05-11,24.8,13.2
1959-05-12,29.2,16.6
1959-05-13,29.2,21.5
1959-05-14,31.2,21.8
1959-05-15,30.3,17.6
1959-05-16,29.5,17.4
1959-05-17,24.4,14.8
1959-05-18,17.8,11.8
1959-05-19,18.6,10.9
1959-05-20,21.7,11.4
1959-05-21,24.2,12.9
1959-05-22,27,15.8
1959-05-23,31,19.2
1959-05-24,32.5,22
1959-05-25,29,19
1959-05-26,29.4,19.6
1959-05-27,28.6,18
1959-05-28,31.4,20.8
1959-05-29,27.2,16.6
1959-05-30,24.1,13.3
1959-05-31,30,16.4
1959-06-01,32.6,22.2
1959-06-02,26,17.2
1959-06-03,20,13.6
1959-06-04,19.7,13.2
1959-06-05,20.2,12.6
1959-06-06,24.4,11.9
1959-06-07,24.4,14.2
1959-06-08,27.2,15.2
1959-06-09,32.8,20.1
1959-06-10,35.7,23.8
1959-06-11,36.2,25.7
1959-06-12,31.5,22
1959-06-13,30,18.9
1959-06-14,26,15.2
1959-06-15,26.8,12
1959-06-16,28,20
1959-06-17,26.8,14.8
1959-06-18,29.8,15.4
1959-06-19,36,17.4
1959-06-20,30.5,17.2
1959-06-21,28.6,20.6
1959-06-22,28.8,19.4
1959-06-23,28,17.6
1959-06-24,28.4,19.7
1959-06-25,27.4,15.5
1959-06-26,24.8,15.4
1959-06-27,24.9,16
1959-06-28,28,17.4
1959-06-29,26,15.7
1959-06-30,26.7,16.7
1959-07-01,28.4,16
1959-07-02,27.2,17
1959-07-03,25.6,15.6
1959-07-04,23.2,15.8
1959-07-05,24,15.2
1959-07-06,23.4,16
1959-07-07,23.5,15.9
1959-07-08,25.2,15.5
1959-07-09,26.8,15.5
1959-07-10,26,16
1959-07-11,26.2,15.6
1959-07-12,27,16.7
1959-07-13,26.7,16
1959-07-14,25.4,15.6
1959-07-15,25.9,15.2
1959-07-16,25.6,15.8
1959-07-17,28.3,15.5
1959-07-18,30.7,19.5
1959-07-19,30,21
1959-07-20,27.9,19.4
1959-07-21,26.1,17.2
1959-07-22,26.1,17.4
1959-07-23,24.4,17.3
1959-07-24,26,17.8
1959-07-25,27.5,18
1959-07-26,29,19.3
1959-07-27,30.2,21.1
1959-07-28,29.8,19.1
1959-07-29,27.7,17.1
1959-07-30,27.4,17.9
1959-07-31,26.8,17.2
1959-08-01,28.5,16.4
1959-08-02,29.4,21
1959-08-03,30.1,19.5
1959-08-04,26.6,16.5
1959-08-05,26.7,16.9
1959-08-06,27.2,16.3
1959-08-07,29.5,17.8
1959-08-08,30.6,21
1959-08-09,27.1,17.3
1959-08-10,27.7,17.8
1959-08-11,27.6,17.8
1959-08-12,27.2,17.4
1959-08-13,27.8,19
1959-08-14,29,20
1959-08-15,30.6,20.9
1959-08-16,28.3,17.2
1959-08-17,26.4,18.1
1959-08-18,26.2,18
1959-08-19,26.5,17.5
1959-08-20,27.4,16.4
1959-08-21,25.8,16.7
1959-08-22,26.5,16.8
1959-08-23,28.7,16.6
1959-08-24,28.1,17.4
1959-08-25,27.3,17.6
1959-08-26,27.2,17.6
1959-08-27,30.4,18.1
1959-08-28,29.1,19.5
1959-08-29,27.3,19.2
1959-08-30,25.3,16.1
1959-08-31,26.8,16.3
1959-09-01,28.3,16.1
1959-09-02,28.6,15.5
1959-09-03,28.4,17.6
1959-09-04,27.6,18.6
1959-09-05,26.2,17.9
1959-09-06,28.7,16.4
1959-09-07,28.7,18.5
1959-09-08,31.4,21.1
1959-09-09,25.6,18.2
1959-09-10,23.2,17.2
1959-09-11,21.3,15.4
1959-09-12,23.3,14.9
1959-09-13,21.2,14.5
1959-09-14,21.4,13.8
1959-09-15,24.6,15.7
1959-09-16,27.8,15.4
1959-09-17,27.2,17
1959-09-18,24.6,15
1959-09-19,23.8,15.4
1959-09-20,24.1,15.8
1959-09-21,21.4,16.6
1959-09-22,22.8,15.5
1959-09-23,27.7,15.7
1959-09-24,30.4,19.9
1959-09-25,24.8,17
1959-09-26,23.6,15.2
1959-09-27,25.1,15
1959-09-28,30.5,14.6
1959-09-29,23.8,16.4
1959-09-30,24.7,14.6
1959-10-01,25.6,15.4
1959-10-02,23.6,14.7
1959-10-03,21,14
1959-10-04,22.6,13.5
1959-10-05,24.2,12
1959-10-06,21.3,13.6
1959-10-07,23.5,13
1959-10-08,27.7,13.4
1959-10-09,28.1,18.3
1959-10-10,28.3,16.7
1959-10-11,24.8,16.5
1959-10-12,21.1,13.9
1959-10-13,22.5,12.6
1959-10-14,23.1,14
1959-10-15,24.4,13.4
1959-10-16,24.7,16.1
1959-10-17,25.4,16
1959-10-18,20.6,13.8
1959-10-19,21.6,12.4
1959-10-20,25.4,14
1959-10-21,22,13.6
1959-10-22,20.6,13.6
1959-10-23,22.7,13.3
1959-10-24,22.3,13.8
1959-10-25,24.2,14.1
1959-10-26,21.7,12.6
1959-10-27,17.7,11
1959-10-28,19.3,12.2
1959-10-29,21.7,11.8
1959-10-30,24.7,13.5
1959-10-31,26.1,13.8
1959-11-01,27.6,18.8
1959-11-02,27.5,20.8
1959-11-03,26,19.3
1959-11-04,27.7,16
1959-11-05,18.4,12.7
1959-11-06,17,12.2
1959-11-07,20.3,12
1959-11-08,22.8,13.6
1959-11-09,25.7,15.3
1959-11-10,26.3,16.4
1959-11-11,19.4,13.7
1959-11-12,17.6,11.3
1959-11-13,17.2,10.2
1959-11-14,20.4,9.2
1959-11-15,20.3,12.6
1959-11-16,16.7,11
1959-11-17,19.4,10.3
1959-11-18,21.5,11.8
1959-11-19,18.8,11
1959-11-20,17.4,9.6
1959-11-21,20.9,11
1959-11-22,17.6,11
1959-11-23,18.8,10.7
1959-11-24,17.7,9.7
1959-11-25,13,5.8
1959-11-26,16.8,7.1
1959-11-27,19,8.8
1959-11-28,15.2,8.7
1959-11-29,10.5,5.4
1959-11-30,12.7,4
1959-12-01,12.6,5.4
1959-12-02,15.5,6.1
1959-12-03,18.5,8.4
1959-12-04,18.1,9.8
1959-12-05,16.2,9.6
1959-12-06,17,8.6
1959-12-07,20,10.8
1959-12-08,14.8,9.6
1959-12-09,16.7,9.3
1959-12-10,17.4,8.9
1959-12-11,17.4,8.2
1959-12-12,16.2,7.7
1959-12-13,19.6,9.2
1959-12-14,18.6,11.7
1959-12-15,17.4,9.9
1959-12-16,20.4,11.1
1959-12-17,23.8,13.7
1959-12-18,19.4,13.8
1959-12-19,17.6,9
1959-12-20,13,7.5
1959-12-21,13,7.8
1959-12-22,11.3,6
1959-12-23,14.8,6.5
1959-12-24,14.8,7.5
1959-12-25,13.7,7.7
1959-12-26,17.3,7.8
1959-12-27,12.8,7
1959-12-28,12.4,6.6
1959-12-29,13.8,6.2
1959-12-30,15,7.4
1959-12-31,14.6,8.5
1960-01-01,9.7,4.3
1960-01-02,6.8,3.5
1960-01-03,10.9,6.4
1960-01-04,14,7
1960-01-05,15.2,6.6
1960-01-06,12.9,7.5
1960-01-07,8.7,6
1960-01-08,11.4,7.6
1960-01-09,10.8,5.8
1960-01-10,12.6,6.3
1960-01-11,16.1,7
1960-01-12,19.4,9.3
1960-01-13,21.9,10
1960-01-14,23.4,14
1960-01-15,26.3,15.5
1960-01-16,20.6,10.6
1960-01-17,20.5,7.4
1960-01-18,22.2,9
1960-01-19,21.2,10
1960-01-20,13.1,7.7
1960-01-21,13.8,6.8
1960-01-22,8.9,6.9
1960-01-23,8.1,3.6
1960-01-24,7.4,0.7
1960-01-25,10.4,2.1
1960-01-26,8.4,3.9
1960-01-27,10.3,3.8
1960-01-28,10.6,4.5
1960-01-29,12.4,5.1
1960-01-30,11.5,6.5
1960-01-31,17.3,6.5
1960-02-01,17.2,7.9
1960-02-02,15.9,9.4
1960-02-03,10.1,4
1960-02-04,7.6,3
1960-02-05,6.5,3
1960-02-06,13.5,3.3
1960-02-07,17.1,5.5
1960-02-08,17.4,7.9
1960-02-09,18.2,8.7
1960-02-10,16,6.5
1960-02-11,15.7,7.3
1960-02-12,14.8,7.9
1960-02-13,15.8,6.5
1960-02-14,18.6,7.7
1960-02-15,20.2,11
1960-02-16,22.6,12.3
1960-02-17,23.1,12.9
1960-02-18,16.5,9.4
1960-02-19,21.2,8.2
1960-02-20,26.7,11.8
1960-02-21,20.7,10.3
1960-02-22,15.5,9.3
1960-02-23,18.4,8.6
1960-02-24,20.2,10.1
1960-02-25,15,9
1960-02-26,15.5,7.2
1960-02-27,19,8
1960-02-28,18,10.8
1960-02-29,13.6,8.2
1960-03-01,11.9,7.3
1960-03-02,11.2,5.8
1960-03-03,17,5.9
1960-03-04,18.4,9.2
1960-03-05,13.9,8.8
1960-03-06,17,8.1
1960-03-07,13.8,6.6
1960-03-08,11.4,6.5
1960-03-09,18.9,5.3
1960-03-10,16.6,8.9
1960-03-11,12,8.2
1960-03-12,11.5,6
1960-03-13,13.8,2.3
1960-03-14,15.6,6.4
1960-03-15,14.9,5.9
1960-03-16,15.3,6.1
1960-03-17,18.8,8.5
1960-03-18,23,11.6
1960-03-19,25,15.4
1960-03-20,21.2,14
1960-03-21,21,8.4
1960-03-22,11.4,6.4
1960-03-23,12.9,4.6
1960-03-24,9.8,5.6
1960-03-25,12.1,7
1960-03-26,16.8,7.2
1960-03-27,22.5,11
1960-03-28,24.6,14
1960-03-29,27.3,16.5
1960-03-30,28.3,17.8
1960-03-31,26.4,10.3
1960-04-01,17,8.5
1960-04-02,24,10.4
1960-04-03,23.5,9.5
1960-04-04,13.5,8.1
1960-04-05,16.1,9.5
1960-04-06,22.1,9.6
1960-04-07,20.6,10.6
1960-04-08,14,8.8
1960-04-09,12.2,7.2
1960-04-10,13.8,7.7
1960-04-11,17.6,8
1960-04-12,19.5,10.4
1960-04-13,22.4,12.2
1960-04-14,26.2,15.3
1960-04-15,28.2,18.5
1960-04-16,30.2,21.4
1960-04-17,25.8,13.8
1960-04-18,16.7,10.5
1960-04-19,17.1,9.3
1960-04-20,21.1,8.2
1960-04-21,25.6,12.2
1960-04-22,27.1,16.5
1960-04-23,28.8,19.4
1960-04-24,28.9,17.4
1960-04-25,22.2,14.6
1960-04-26,18.4,11.2
1960-04-27,17.6,9.2
1960-04-28,16.7,9.7
1960-04-29,17.2,9.4
1960-04-30,22.9,9
1960-05-01,28.4,13.2
1960-05-02,30.6,20.4
1960-05-03,32.3,22
1960-05-04,32.2,23.8
1960-05-05,32.2,23.3
1960-05-06,32.4,24.4
1960-05-07,33.9,25.2
1960-05-08,32,18.7
1960-05-09,27.4,15.5
1960-05-10,28.4,15.8
1960-05-11,19.3,13.5
1960-05-12,19.6,11.5
1960-05-13,22.4,10.3
1960-05-14,20.2,10.6
1960-05-15,21.8,11.2
1960-05-16,22.4,12.6
1960-05-17,23.2,14.9
1960-05-18,27.4,13.9
1960-05-19,30.8,19
1960-05-20,30.2,21.9
1960-05-21,34,23
1960-05-22,33.6,25.3
1960-05-23,32,22.8
1960-05-24,33.4,23.9
1960-05-25,34.7,23.4
1960-05-26,27.4,19.1
1960-05-27,31,19.1
1960-05-28,32.7,17.6
1960-05-29,22.2,14.6
1960-05-30,22.7,13.3
1960-05-31,27,14.7
1960-06-01,33.6,20.1
1960-06-02,29.6,16.3
1960-06-03,21.5,14.2
1960-06-04,21,12.5
1960-06-05,22.1,12.3
1960-06-06,29.6,13.8
1960-06-07,32.6,18.6
1960-06-08,29.8,20.7
1960-06-09,26.3,17.7
1960-06-10,27.7,16.8
1960-06-11,29.7,20.1
1960-06-12,30.2,19.3
1960-06-13,28.8,19.8
1960-06-14,24.6,15.8
1960-06-15,23.4,15.8
1960-06-16,24.4,15
1960-06-17,27.1,16.6
1960-06-18,29.3,18
1960-06-19,26.6,17.9
1960-06-20,24.2,16
1960-06-21,23.2,16.2
1960-06-22,23.9,14.9
1960-06-23,24.1,15
1960-06-24,26,15
1960-06-25,26.5,14.3
1960-06-26,27.6,15
1960-06-27,29.9,17.3
1960-06-28,27.8,18.6
1960-06-29,28.8,18.4
1960-06-30,28.6,16.7
1960-07-01,26.4,17.1
1960-07-02,26.5,17.4
1960-07-03,28.2,18
1960-07-04,29.9,18.8
1960-07-05,35.4,22.5
1960-07-06,28.8,18.6
1960-07-07,24.7,16.7
1960-07-08,27.9,15.5
1960-07-09,29.5,18
1960-07-10,30.6,20.5
1960-07-11,28.6,19.6
1960-07-12,26,16.9
1960-07-13,28.3,16.8
1960-07-14,27.6,18
1960-07-15,26.9,17.4
1960-07-16,27.5,16.8
1960-07-17,32.3,18.3
1960-07-18,31.2,21.9
1960-07-19,30.1,20
1960-07-20,30.9,21.6
1960-07-21,29.4,20.4
1960-07-22,29.6,20.6
1960-07-23,30.2,20.5
1960-07-24,30.3,21
1960-07-25,28.4,20.7
1960-07-26,26.5,17.3
1960-07-27,25.9,17.4
1960-07-28,27.4,15.7
1960-07-29,28.2,15.8
1960-07-30,27.8,16.7
1960-07-31,26.4,16.1
1960-08-01,26.7,17.2
1960-08-02,29,16.1
1960-08-03,28.7,17.2
1960-08-04,29.4,19.7
1960-08-05,30.3,20.7
1960-08-06,29.6,21.5
1960-08-07,30.5,20.4
1960-08-08,31,22.4
1960-08-09,29.2,19.7
1960-08-10,28.7,17.7
1960-08-11,25.9,18.8
1960-08-12,29.6,18.6
1960-08-13,31.4,19.7
1960-08-14,31.3,19.2
1960-08-15,31.7,21.8
1960-08-16,34.6,23.9
1960-08-17,33.2,23.2
1960-08-18,29.8,18.8
1960-08-19,31.6,20
1960-08-20,30.7,18.9
1960-08-21,31.4,20.9
1960-08-22,29.2,19.8
1960-08-23,24.8,18.2
1960-08-24,26.5,18.3
1960-08-25,29.7,17.1
1960-08-26,32.7,20.4
1960-08-27,29,19
1960-08-28,28.7,20.3
1960-08-29,27.2,17.6
1960-08-30,27.2,16.9
1960-08-31,30.4,16.9
1960-09-01,34.4,20.7
1960-09-02,32.8,22.1
1960-09-03,27.5,18.8
1960-09-04,27,17.5
1960-09-05,26.4,17
1960-09-06,27.3,15.7
1960-09-07,29.6,17.7
1960-09-08,32.1,18.1
1960-09-09,34.6,21.6
1960-09-10,34.7,24.6
1960-09-11,34.4,23.7
1960-09-12,33.7,24
1960-09-13,29.9,19.2
1960-09-14,26,18.4
1960-09-15,24.9,17
1960-09-16,24.3,16.2
1960-09-17,24.3,16.5
1960-09-18,26.6,16.1
1960-09-19,28.4,17
1960-09-20,27.4,16.8
1960-09-21,27,16.4
1960-09-22,26.5,16.8
1960-09-23,26.5,16
1960-09-24,25.6,16.2
1960-09-25,23.4,16.7
1960-09-26,23,15.9
1960-09-27,24.3,14.7
1960-09-28,24.3,15.8
1960-09-29,24.7,14.7
1960-09-30,23.4,15
1960-10-01,26,16
1960-10-02,30.2,17.2
1960-10-03,30.4,21
1960-10-04,27.4,16
1960-10-05,27.8,18.4
1960-10-06,25.6,16.4
1960-10-07,27,15
1960-10-08,30.1,18.7
1960-10-09,25.8,15.8
1960-10-10,26,17.7
1960-10-11,27,16.6
1960-10-12,27.8,18
1960-10-13,30.3,20.8
1960-10-14,31.2,22.4
1960-10-15,32.5,24.1
1960-10-16,29.2,21.4
1960-10-17,27.3,19.7
1960-10-18,29.2,19.2
1960-10-19,26.7,17.3
1960-10-20,21.8,16
1960-10-21,22.8,13.9
1960-10-22,28.8,15.8
1960-10-23,30.3,20
1960-10-24,30.9,21.3
1960-10-25,31.2,21.4
1960-10-26,30.3,21.6
1960-10-27,30.4,21.4
1960-10-28,30.8,21.4
1960-10-29,29.2,21.9
1960-10-30,29.1,21.6
1960-10-31,28.4,21
1960-11-01,24.4,16.6
1960-11-02,19.7,12.4
1960-11-03,17.4,11.4
1960-11-04,17.8,11.2
1960-11-05,20.2,12.3
1960-11-06,21.8,13.7
1960-11-07,23.4,15.5
1960-11-08,24.3,16.2
1960-11-09,23.2,14.9
1960-11-10,22.3,13
1960-11-11,23.9,13.9
1960-11-12,24.9,16.3
1960-11-13,25.4,17.6
1960-11-14,24.6,17.9
1960-11-15,22.9,16.7
1960-11-16,24.4,16.3
1960-11-17,18.2,13.6
1960-11-18,14.5,10.2
1960-11-19,15.2,10.9
1960-11-20,18.2,10.6
1960-11-21,21.3,11.4
1960-11-22,19.7,11.6
1960-11-23,21.5,13.3
1960-11-24,24.1,15
1960-11-25,23.3,14.2
1960-11-26,21.3,13.4
1960-11-27,15.6,11.2
1960-11-28,15.6,10.2
1960-11-29,18.8,10.5
1960-11-30,19.8,11.3
1960-12-01,19.2,12.3
1960-12-02,18.3,12
1960-12-03,21.2,11.5
1960-12-04,19.4,12
1960-12-05,18.1,11.7
1960-12-06,16.1,10.4
1960-12-07,15,8.7
1960-12-08,11.5,7.4
1960-12-09,17.5,8.7
1960-12-10,18.5,10.5
1960-12-11,21,12.1
1960-12-12,17.8,14.2
1960-12-13,19.2,13.9
1960-12-14,23.4,14
1960-12-15,23.9,14.2
1960-12-16,24.8,15
1960-12-17,21.7,13.7
1960-12-18,17.4,10.4
1960-12-19,16,10.2
1960-12-20,15.3,8.2
1960-12-21,19.9,8.2
1960-12-22,17.5,11.1
1960-12-23,18.9,11.3
1960-12-24,18,9.1
1960-12-25,19.2,11.8
1960-12-26,21.5,13.4
1960-12-27,19.5,14.7
1960-12-28,22.8,9
1960-12-29,12.1,7
1960-12-30,16.2,7.7
1960-12-31,16.7,9.7
1961-01-01,11.9,6.7
1961-01-02,9.2,6.2
1961-01-03,12.3,6.2
1961-01-04,14.2,7.2
1961-01-05,10.6,5.9
1961-01-06,13.3,6.7
1961-01-07,15.7,8.2
1961-01-08,14.2,7.8
1961-01-09,14.6,6.7
1961-01-10,10.2,5
1961-01-11,9.8,5.3
1961-01-12,12.5,6
1961-01-13,12.8,5.6
1961-01-14,15.8,5.8
1961-01-15,10.7,4.6
1961-01-16,10.8,3.1
1961-01-17,15.4,9.3
1961-01-18,13.2,9.2
1961-01-19,10.7,7.1
1961-01-20,7.6,4
1961-01-21,5.3,1.1
1961-01-22,6.8,2.3
1961-01-23,9.7,2.3
1961-01-24,10.8,4.3
1961-01-25,14.3,4.3
1961-01-26,13.2,5.9
1961-01-27,15.4,7
1961-01-28,14.3,8.7
1961-01-29,13.3,8.4
1961-01-30,13,8
1961-01-31,13.4,6.7
1961-02-01,9.1,4.9
1961-02-02,10,4.8
1961-02-03,11.7,5.9
1961-02-04,14.8,7.8
1961-02-05,17,8.7
1961-02-06,12.7,5.3
1961-02-07,11.8,5.5
1961-02-08,9.6,5.6
1961-02-09,13.3,5.6
1961-02-10,13.9,4.4
1961-02-11,11.5,3.8
1961-02-12,13.1,5.1
1961-02-13,9.2,5.3
1961-02-14,10.5,5.7
1961-02-15,8.6,4.7
1961-02-16,6.8,0.8
1961-02-17,10.3,0.3
1961-02-18,9.8,5.4
1961-02-19,8.7,3.9
1961-02-20,9.5,3.5
1961-02-21,10.3,2.8
1961-02-22,14.3,4.8
1961-02-23,13,7.1
1961-02-24,11.2,4.8
1961-02-25,10.1,5.5
1961-02-26,9.5,4.4
1961-02-27,8.7,4.6
1961-02-28,6.2,1.8
1961-03-01,8.4,1.1
1961-03-02,11.9,2.8
1961-03-03,14.6,4.8
1961-03-04,16.5,6.6
1961-03-05,14.7,6.4
1961-03-06,17.8,8.2
1961-03-07,12.3,6.7
1961-03-08,11.9,5.2
1961-03-09,12.4,4.9
1961-03-10,15.3,6.3
1961-03-11,13.4,6.2
1961-03-12,12.3,5.8
1961-03-13,13.5,6.8
1961-03-14,16.2,6.7
1961-03-15,13.7,7.6
1961-03-16,11,5.5
1961-03-17,15.2,5.1
1961-03-18,18.5,7.9
1961-03-19,14.4,8.2
1961-03-20,10.9,4.3
1961-03-21,13.4,4.3
1961-03-22,18,7.6
1961-03-23,23,11.4
1961-03-24,21.4,10.4
1961-03-25,11.2,6.6
1961-03-26,12.9,5.5
1961-03-27,19.3,6.3
1961-03-28,17.8,9.3
1961-03-29,12,8.6
1961-03-30,11.5,6.3
1961-03-31,8.7,5
1961-04-01,12.7,6.1
1961-04-02,18.5,5.7
1961-04-03,22.2,10.3
1961-04-04,24.4,14.8
1961-04-05,16.1,10.2
1961-04-06,13.8,9.2
1961-04-07,11.9,7.8
1961-04-08,13.8,7.8
1961-04-09,16.8,8.1
1961-04-10,20.9,10.2
1961-04-11,26.8,15.4
1961-04-12,24.7,12.8
1961-04-13,18,10.5
1961-04-14,19.4,9.4
1961-04-15,16.7,9.7
1961-04-16,19.2,9.1
1961-04-17,21.7,11.7
1961-04-18,24.2,14.8
1961-04-19,25.7,16.4
1961-04-20,28.1,18.2
1961-04-21,25.2,16.9
1961-04-22,22.4,13.8
1961-04-23,20.7,10.2
1961-04-24,22.6,9.8
1961-04-25,29.5,15.7
1961-04-26,30.3,14.9
1961-04-27,20.2,10.8
1961-04-28,23.5,10.3
1961-04-29,18,10.4
1961-04-30,23.7,10.2
1961-05-01,31.3,18
1961-05-02,31.2,21.4
1961-05-03,25,13.3
1961-05-04,20.6,10.7
1961-05-05,17.9,11.8
1961-05-06,16.8,9.5
1961-05-07,14.7,9.8
1961-05-08,18.7,9.8
1961-05-09,19.6,11.3
1961-05-10,27.2,13.6
1961-05-11,27.9,17.3
1961-05-12,25.3,14.6
1961-05-13,32.3,16.3
1961-05-14,34.8,22.8
1961-05-15,23.4,12.9
1961-05-16,19.7,11
1961-05-17,25.7,10.6
1961-05-18,30.4,15.6
1961-05-19,22,12.2
1961-05-20,26.1,13.3
1961-05-21,32.7,18.3
1961-05-22,32,21.1
1961-05-23,23.5,14.4
1961-05-24,24.2,12.9
1961-05-25,31.5,17.9
1961-05-26,28.9,15.8
1961-05-27,19.8,13.5
1961-05-28,23.7,12.8
1961-05-29,27.5,16.2
1961-05-30,33,19.4
1961-05-31,33.2,24.5
1961-06-01,32.6,19.8
1961-06-02,26.4,15.5
1961-06-03,31.4,18.1
1961-06-04,28.6,19.8
1961-06-05,31.6,19.6
1961-06-06,34,23.4
1961-06-07,37.5,26.4
1961-06-08,33.1,26.5
1961-06-09,35.7,25.6
1961-06-10,32.2,24.6
1961-06-11,29.2,18.9
1961-06-12,24.2,15.3
1961-06-13,23.4,14.2
1961-06-14,23.8,15.2
1961-06-15,30.1,17.4
1961-06-16,29.8,20.3
1961-06-17,28.1,18.7
1961-06-18,23.6,15.7
1961-06-19,24.6,15.8
1961-06-20,29.3,15.8
1961-06-21,32.9,20.5
1961-06-22,30,22.2
1961-06-23,26.4,16.7
1961-06-24,24.2,16.6
1961-06-25,26.2,16.7
1961-06-26,27.8,19.2
1961-06-27,27.9,19.8
1961-06-28,28.6,19.2
1961-06-29,28.1,19.3
1961-06-30,29.2,18.4
1961-07-01,29,20
1961-07-02,27,17.7
1961-07-03,24.8,16.8
1961-07-04,26.1,16.7
1961-07-05,27.7,15
1961-07-06,26.8,15.9
1961-07-07,28.3,15.4
1961-07-08,30,18.1
1961-07-09,28.6,19.8
1961-07-10,26.8,17.2
1961-07-11,25.4,17.4
1961-07-12,27.7,16.5
1961-07-13,26.3,17.2
1961-07-14,26.8,16.9
1961-07-15,28.5,19
1961-07-16,29.1,19.6
1961-07-17,30.2,21.4
1961-07-18,30.8,21.5
1961-07-19,29.4,21
1961-07-20,27.3,17
1961-07-21,27.8,16.7
1961-07-22,29.4,18
1961-07-23,31,21.4
1961-07-24,32.2,23.4
1961-07-25,35.3,24.7
1961-07-26,36,24.4
1961-07-27,29.6,20.6
1961-07-28,28,17.7
1961-07-29,30.8,17.6
1961-07-30,29.2,20
1961-07-31,27.8,17.8
1961-08-01,27.5,18
1961-08-02,27.6,17.3
1961-08-03,30.3,18.8
1961-08-04,30.8,20.1
1961-08-05,28.6,17.6
1961-08-06,28,17
1961-08-07,27.7,17.6
1961-08-08,27,18.3
1961-08-09,27,17.4
1961-08-10,27.2,17
1961-08-11,29,17.1
1961-08-12,31.5,20.4
1961-08-13,32,22.9
1961-08-14,31,22.7
1961-08-15,30.5,21.4
1961-08-16,33.2,22.4
1961-08-17,31.6,22.5
1961-08-18,31.1,21.4
1961-08-19,28.2,18.2
1961-08-20,28.4,18.2
1961-08-21,27.2,17
1961-08-22,28.2,17.9
1961-08-23,29.5,19.6
1961-08-24,27,16.7
1961-08-25,30.4,17.8
1961-08-26,32,20.6
1961-08-27,29.5,18.1
1961-08-28,29.8,18
1961-08-29,28.1,18.4
1961-08-30,26.4,18.7
1961-08-31,25.6,18.2
1961-09-01,25.4,16.4
1961-09-02,26.3,16
1961-09-03,25.4,15.8
1961-09-04,24.8,16.7
1961-09-05,25.8,15.8
1961-09-06,27.7,16.5
1961-09-07,29.2,16.3
1961-09-08,27.3,16.8
1961-09-09,28,18.6
1961-09-10,27.6,18.2
1961-09-11,26.8,17.2
1961-09-12,23.6,17.8
1961-09-13,25.2,15.4
1961-09-14,28.7,15
1961-09-15,30.4,17.4
1961-09-16,24.5,16.6
1961-09-17,23.8,15.6
1961-09-18,23,15.2
1961-09-19,26,15.3
1961-09-20,24.4,15.8
1961-09-21,22.2,14.4
1961-09-22,24.9,15.4
1961-09-23,22.7,15.7
1961-09-24,22.1,14.8
1961-09-25,24.8,14.2
1961-09-26,25.2,14.8
1961-09-27,23.6,14.4
1961-09-28,22.3,13.8
1961-09-29,22.9,14.4
1961-09-30,25.1,13.6
1961-10-01,27.4,13.9
1961-10-02,31.8,17.5
1961-10-03,30.2,18.6
1961-10-04,25.5,16
1961-10-05,25,14
1961-10-06,25.8,15
1961-10-07,23.3,13.7
1961-10-08,24.6,13.8
1961-10-09,24.7,13.8
1961-10-10,27,14.1
1961-10-11,28.9,18.2
1961-10-12,25.6,13.9
1961-10-13,26.6,17.5
1961-10-14,21.2,14
1961-10-15,20.7,11.8
1961-10-16,20.2,12.2
1961-10-17,23.4,12.6
1961-10-18,27.5,15
1961-10-19,25.4,14.8
1961-10-20,20,13.7
1961-10-21,21.4,11.6
1961-10-22,25.8,14.1
1961-10-23,27.8,18.8
1961-10-24,28.9,20.1
1961-10-25,29.2,19.6
1961-10-26,27.5,17.6
1961-10-27,25.6,14.6
1961-10-28,20.3,14.1
1961-10-29,20.4,12.6
1961-10-30,21.1,12.4
1961-10-31,20.1,12.2
1961-11-01,21.9,12.6
1961-11-02,24.2,15
1961-11-03,22.4,15.6
1961-11-04,18.7,13.2
1961-11-05,21.2,12.1
1961-11-06,20.2,13.9
1961-11-07,22.5,15.4
1961-11-08,23.5,15.1
1961-11-09,22,15.2
1961-11-10,18.2,13
1961-11-11,17.4,10.9
1961-11-12,20.4,11.8
1961-11-13,22.8,14.2
1961-11-14,24,13.8
1961-11-15,22,15.7
1961-11-16,22.5,14.1
1961-11-17,23.3,15.8
1961-11-18,23.3,15.2
1961-11-19,20.2,14.2
1961-11-20,18.6,12
1961-11-21,17.4,8.9
1961-11-22,10.1,5
1961-11-23,5.7,3.3
1961-11-24,9.3,2.7
1961-11-25,12.2,4.1
1961-11-26,12.8,6.2
1961-11-27,16.3,8
1961-11-28,15.4,7.8
1961-11-29,16.6,8.6
1961-11-30,17.2,9.8
1961-12-01,18,10.9
1961-12-02,18.8,10.6
1961-12-03,20,11.8
1961-12-04,17.9,12.4
1961-12-05,16.4,9.5
1961-12-06,14.8,8.6
1961-12-07,11.6,9.2
1961-12-08,14.8,8.8
1961-12-09,15.3,9.8
1961-12-10,12.9,8.4
1961-12-11,11.5,7.8
1961-12-12,13,7.5
1961-12-13,9.3,6.8
1961-12-14,9.5,4
1961-12-15,12.5,6.9
1961-12-16,14.9,8.8
1961-12-17,12.9,8.6
1961-12-18,15.3,7.3
1961-12-19,15.6,7.9
1961-12-20,15.6,8
1961-12-21,10.5,7.2
1961-12-22,9.2,5.2
1961-12-23,9.8,5.4
1961-12-24,11.9,6.1
1961-12-25,12.7,6.1
1961-12-26,11.7,6.8
1961-12-27,14,8.2
1961-12-28,15.9,7.6
1961-12-29,17.4,8.8
1961-12-30,19.2,10.1
1961-12-31,13.8,8.8
1962-01-01,12.4,7.4
1962-01-02,13.9,7.3
1962-01-03,14.4,7
1962-01-04,15.1,8.6
1962-01-05,14.4,8.8
1962-01-06,13.3,7.3
1962-01-07,11,6.8
1962-01-08,11.2,6.6
1962-01-09,13.2,7.5
1962-01-10,11.2,7.5
1962-01-11,10.7,6.7
1962-01-12,11.4,6
1962-01-13,13.2,6.7
1962-01-14,12.5,7.4
1962-01-15,14.2,5.6
1962-01-16,15.7,7.3
1962-01-17,13.7,8.7
1962-01-18,16.2,8.4
1962-01-19,17.9,9.8
1962-01-20,12.2,8.4
1962-01-21,12,7.7
1962-01-22,12.4,7.4
1962-01-23,13.4,5.5
1962-01-24,14.8,6.8
1962-01-25,16.8,7.8
1962-01-26,10.8,4.6
1962-01-27,11.6,5
1962-01-28,11.7,5.8
1962-01-29,9.4,4.8
1962-01-30,14.7,5.8
1962-01-31,17,8.3
1962-02-01,16,8.5
1962-02-02,17.8,9.4
1962-02-03,12.3,5.7
1962-02-04,12.1,6.5
1962-02-05,9.4,3.8
1962-02-06,8.4,5
1962-02-07,10.6,4.4
1962-02-08,9.3,4.3
1962-02-09,11.2,3.6
1962-02-10,14.6,5.4
1962-02-11,16.6,7.8
1962-02-12,16.4,6
1962-02-13,17,8.1
1962-02-14,18.8,10.3
1962-02-15,18.2,8.7
1962-02-16,17.6,8.8
1962-02-17,12.7,3
1962-02-18,9.1,2.8
1962-02-19,11.6,4.2
1962-02-20,6.7,-0.2
1962-02-21,3.7,-0.4
1962-02-22,8.7,1
1962-02-23,13.5,4
1962-02-24,15.7,6
1962-02-25,18.7,9.4
1962-02-26,15.7,7.7
1962-02-27,12.2,6.8
1962-02-28,12,6.2
1962-03-01,14.6,5.9
1962-03-02,18.9,7.5
1962-03-03,22.9,10.9
1962-03-04,22.4,14.8
1962-03-05,20.6,12.8
1962-03-06,20.8,12.3
1962-03-07,23.7,13.7
1962-03-08,21.7,9.1
1962-03-09,10.6,7.2
1962-03-10,9.3,5.5
1962-03-11,14.9,5.4
1962-03-12,20.5,6.7
1962-03-13,22,11.5
1962-03-14,22.6,13.9
1962-03-15,23.4,15.7
1962-03-16,22.3,7
1962-03-17,14.2,5.9
1962-03-18,18.5,8.2
1962-03-19,20.8,10.8
1962-03-20,13.8,7.6
1962-03-21,21.7,8.2
1962-03-22,27,15
1962-03-23,31.5,20
1962-03-24,24.4,14.7
1962-03-25,23.3,14.1
1962-03-26,27.3,16.8
1962-03-27,18.5,9.3
1962-03-28,13.7,8.5
1962-03-29,17.8,8.9
1962-03-30,22,13.3
1962-03-31,19.7,9.6
1962-04-01,15.3,8.8
1962-04-02,19.4,8.7
1962-04-03,17.5,8.4
1962-04-04,14.6,10
1962-04-05,18.9,7.9
1962-04-06,26,9.5
1962-04-07,29,16.2
1962-04-08,17.4,9.9
1962-04-09,13.2,8
1962-04-10,15.2,6.8
1962-04-11,20.2,6.7
1962-04-12,24.8,9.2
1962-04-13,28.5,17.9
1962-04-14,26.6,10.7
1962-04-15,14.8,8
1962-04-16,13.6,7.2
1962-04-17,19,7.2
1962-04-18,12.2,8.4
1962-04-19,12.2,8.1
1962-04-20,14.9,7.5
1962-04-21,17.6,8.9
1962-04-22,20.7,11
1962-04-23,21.8,12.3
1962-04-24,22.8,12.9
1962-04-25,23.7,11.5
1962-04-26,18.8,10.7
1962-04-27,17.9,9.4
1962-04-28,15.1,9.8
1962-04-29,19.4,8.2
1962-04-30,26,14
1962-05-01,26.2,18.1
1962-05-02,26.4,17.2
1962-05-03,30.8,20.9
1962-05-04,22,10.1
1962-05-05,18.6,9.3
1962-05-06,22.9,10.1
1962-05-07,21.3,13.1
1962-05-08,16.7,10.4
1962-05-09,17.3,10
1962-05-10,17,10.5
1962-05-11,22.2,10.7
1962-05-12,26.8,15
1962-05-13,25.5,17
1962-05-14,25.5,15.1
1962-05-15,32.6,18.7
1962-05-16,34.1,24.3
1962-05-17,32.2,20.8
1962-05-18,26.2,18.8
1962-05-19,25.5,16
1962-05-20,26.4,14.4
1962-05-21,29.4,16.4
1962-05-22,27.8,18.4
1962-05-23,25.8,18.3
1962-05-24,21.8,13.6
1962-05-25,21.1,11.6
1962-05-26,22.8,12.1
1962-05-27,23.2,14.6
1962-05-28,24.7,13.2
1962-05-29,25.3,12.8
1962-05-30,25.2,15.4
1962-05-31,27.6,16.4
1962-06-01,30,18.4
1962-06-02,30.8,20.6
1962-06-03,29.2,20.4
1962-06-04,29.7,20.1
1962-06-05,27.4,17.9
1962-06-06,32.6,19.5
1962-06-07,29.6,19.3
1962-06-08,22.9,14.5
1962-06-09,23.6,14
1962-06-10,29.2,15.6
1962-06-11,35.5,22.6
1962-06-12,37.8,26.5
1962-06-13,29.5,19
1962-06-14,24.8,15.1
1962-06-15,27,12.7
1962-06-16,25.4,15.1
1962-06-17,27.3,16.4
1962-06-18,27.3,17.7
1962-06-19,26.7,16.8
1962-06-20,25.8,16.2
1962-06-21,29.8,18.1
1962-06-22,34.1,22.5
1962-06-23,31.7,24.1
1962-06-24,28.4,18.4
1962-06-25,29.3,17.5
1962-06-26,30,18.4
1962-06-27,29.3,21.4
1962-06-28,27.7,20
1962-06-29,29.7,17.5
1962-06-30,27.7,15.6
1962-07-01,27,15.2
1962-07-02,25.6,16.4
1962-07-03,27.3,16.1
1962-07-04,31.4,19.1
1962-07-05,28.4,17.4
1962-07-06,26.6,15.3
1962-07-07,28.1,16.2
1962-07-08,31.4,19.6
1962-07-09,31.6,23.3
1962-07-10,30.7,22.8
1962-07-11,29.7,19.8
1962-07-12,28.6,19
1962-07-13,28.8,18.5
1962-07-14,30.2,20.9
1962-07-15,31.6,21.4
1962-07-16,31.8,22.7
1962-07-17,32,23.8
1962-07-18,30.7,19
1962-07-19,27.9,17.3
1962-07-20,28.1,17.3
1962-07-21,27.7,17.2
1962-07-22,27.1,17.3
1962-07-23,26.8,17
1962-07-24,29.2,17.7
1962-07-25,29.7,19.6
1962-07-26,29.2,20.2
1962-07-27,29.2,20.9
1962-07-28,28.9,19.2
1962-07-29,28.8,18
1962-07-30,31.4,21.7
1962-07-31,32.8,22.7
1962-08-01,28.7,21.6
1962-08-02,29.5,19.7
1962-08-03,29.8,19.3
1962-08-04,29.5,18.6
1962-08-05,30.1,21.4
1962-08-06,29.9,21
1962-08-07,33.2,20.2
1962-08-08,35.7,23.8
1962-08-09,37,24.2
1962-08-10,37.6,27.2
1962-08-11,32.3,25
1962-08-12,29.2,20.1
1962-08-13,27.7,19.2
1962-08-14,27.9,20
1962-08-15,29.4,19.1
1962-08-16,29.8,19.1
1962-08-17,29.1,18.7
1962-08-18,29.6,17.3
1962-08-19,29.5,18.2
1962-08-20,29.8,18.7
1962-08-21,30.4,18
1962-08-22,29,20.3
1962-08-23,27.5,18.1
1962-08-24,28.6,17.4
1962-08-25,31.5,17
1962-08-26,32.2,20.3
1962-08-27,30.9,20
1962-08-28,30.4,21.2
1962-08-29,29.7,18
1962-08-30,28.5,16.8
1962-08-31,28.4,16.7
1962-09-01,29.5,17.1
1962-09-02,29,17.4
1962-09-03,30.2,17.2
1962-09-04,31.2,20
1962-09-05,29.2,18.9
1962-09-06,29.2,17.5
1962-09-07,29.3,16.4
1962-09-08,34.6,18.1
1962-09-09,30.8,17.4
1962-09-10,29,18.3
1962-09-11,28.6,17.5
1962-09-12,30.8,18.7
1962-09-13,31.6,18.9
1962-09-14,28.1,18.5
1962-09-15,29.1,17.2
1962-09-16,26.8,17.4
1962-09-17,27.8,16.7
1962-09-18,27.3,16.7
1962-09-19,27.8,16.2
1962-09-20,27.8,16.4
1962-09-21,27.3,16.9
1962-09-22,28.2,15.6
1962-09-23,32.4,19
1962-09-24,31.8,19.6
1962-09-25,30.2,19
1962-09-26,35,22.8
1962-09-27,28.2,18.4
1962-09-28,27.8,17.1
1962-09-29,29.5,17
1962-09-30,31.8,17.4
1962-10-01,34,22.8
1962-10-02,34.8,23.2
1962-10-03,34.3,24
1962-10-04,28.8,20
1962-10-05,30,19.4
1962-10-06,27.6,19.2
1962-10-07,25.8,16.6
1962-10-08,21.3,15.6
1962-10-09,21.4,15.2
1962-10-10,20,14.4
1962-10-11,24.5,14.2
1962-10-12,23.6,16.8
1962-10-13,22.9,15.2
1962-10-14,23.6,14.4
1962-10-15,25.5,16.8
1962-10-16,24.7,14.6
1962-10-17,27.3,14.3
1962-10-18,29.5,16.6
1962-10-19,28.4,19.7
1962-10-20,29.7,19.6
1962-10-21,30,19.9
1962-10-22,29.3,18.9
1962-10-23,29.3,17.6
1962-10-24,22.3,15.9
1962-10-25,21.8,14.2
1962-10-26,24.3,14.4
1962-10-27,25.3,17.6
1962-10-28,26.8,17.4
1962-10-29,24.3,16.1
1962-10-30,26.2,16.1
1962-10-31,28,17.2
1962-11-01,29.3,16.1
1962-11-02,30.2,20.6
1962-11-03,27.6,21
1962-11-04,27.5,17.4
1962-11-05,20.1,14.1
1962-11-06,22.6,12.3
1962-11-07,20.5,14.1
1962-11-08,20.3,12.8
1962-11-09,21.1,12.6
1962-11-10,22.9,13.3
1962-11-11,25.9,16.5
1962-11-12,26.4,17.9
1962-11-13,26.8,18.4
1962-11-14,27,18.9
1962-11-15,28.2,19.7
1962-11-16,28.6,19.3
1962-11-17,28.3,18.8
1962-11-18,28.3,19
1962-11-19,26.8,18.8
1962-11-20,26.4,17.7
1962-11-21,25.8,16.8
1962-11-22,21.4,15.4
1962-11-23,21.2,14.9
1962-11-24,22.4,14.7
1962-11-25,21.1,13.8
1962-11-26,21.1,13.2
1962-11-27,20.5,12.2
1962-11-28,21.3,12.8
1962-11-29,21.2,12.4
1962-11-30,20.7,13.3
1962-12-01,22.6,14.4
1962-12-02,22.4,14.3
1962-12-03,23.5,14.4
1962-12-04,23.2,14.8
1962-12-05,15.6,9.3
1962-12-06,11.7,6.9
1962-12-07,13.3,8.9
1962-12-08,11.7,8
1962-12-09,11.2,5.9
1962-12-10,11.8,6.7
1962-12-11,11.3,6.9
1962-12-12,13.9,6.1
1962-12-13,12.3,7.8
1962-12-14,14.6,8.8
1962-12-15,15.6,7.8
1962-12-16,16.9,9.6
1962-12-17,14,9.2
1962-12-18,15.8,10.2
1962-12-19,18.4,8.2
1962-12-20,13,7.4
1962-12-21,16,7.4
1962-12-22,12.3,7.5
1962-12-23,13.7,6
1962-12-24,14.8,7.2
1962-12-25,14.7,7.7
1962-12-26,15.6,8.7
1962-12-27,15.4,8.1
1962-12-28,15.1,7.7
1962-12-29,16.4,9.7
1962-12-30,17.2,9.1
1962-12-31,18,9.2
1963-01-01,18.5,10.6
1963-01-02,14.7,10.9
1963-01-03,13,9.4
1963-01-04,13.9,8.8
1963-01-05,19.8,8.8
1963-01-06,19.8,11.2
1963-01-07,20,11.3
1963-01-08,22.4,11.7
1963-01-09,21.5,13.3
1963-01-10,14.6,9.3
1963-01-11,14.3,8.8
1963-01-12,17.3,7.9
1963-01-13,20.8,11.5
1963-01-14,22.4,13.8
1963-01-15,15.6,10
1963-01-16,15.2,8.6
1963-01-17,13,8
1963-01-18,10.5,7.1
1963-01-19,14,6.5
1963-01-20,19.6,9.7
1963-01-21,17.4,11.3
1963-01-22,17.8,10.4
1963-01-23,19.2,11.8
1963-01-24,12.4,7.6
1963-01-25,11.1,6.7
1963-01-26,8,4.7
1963-01-27,9.7,3.4
1963-01-28,10.9,4
1963-01-29,15,5.2
1963-01-30,18,9.1
1963-01-31,14.1,8.6
1963-02-01,13.5,7.8
1963-02-02,15.4,6.6
1963-02-03,16.6,9.4
1963-02-04,17.4,9.2
1963-02-05,19.8,11.2
1963-02-06,21,13.4
1963-02-07,20.3,12.7
1963-02-08,16.7,9.7
1963-02-09,12.2,7.8
1963-02-10,14.3,8.4
1963-02-11,9.3,7.6
1963-02-12,9.2,7.2
1963-02-13,13.6,7.8
1963-02-14,17.1,9.4
1963-02-15,19.1,10.8
1963-02-16,13.1,7.7
1963-02-17,16.6,7.4
1963-02-18,22.3,12
1963-02-19,22.9,13.5
1963-02-20,13.6,9
1963-02-21,16.9,7.2
1963-02-22,14.3,9
1963-02-23,14,7.6
1963-02-24,16.7,8.8
1963-02-25,9.4,5.3
1963-02-26,13.1,5.6
1963-02-27,10.4,7
1963-02-28,13.4,5.4
1963-03-01,13.7,8.4
1963-03-02,13,7.1
1963-03-03,16.6,7.6
1963-03-04,12.8,4.8
1963-03-05,7.6,4.3
1963-03-06,9.2,4.4
1963-03-07,11.2,3.3
1963-03-08,12.7,3.8
1963-03-09,11.4,5.1
1963-03-10,11.3,5.1
1963-03-11,13.4,6.3
1963-03-12,14.3,7.3
1963-03-13,19.4,7.8
1963-03-14,22.6,12.4
1963-03-15,12.9,6.6
1963-03-16,9.9,5.7
1963-03-17,13.2,6.3
1963-03-18,11.6,7.4
1963-03-19,11.9,4.6
1963-03-20,14.8,4.7
1963-03-21,14.6,9
1963-03-22,20.5,8.4
1963-03-23,26.3,15.1
1963-03-24,26.2,12.1
1963-03-25,15.3,8.5
1963-03-26,12.9,7.9
1963-03-27,18,6.2
1963-03-28,22.8,11.8
1963-03-29,21.2,11.1
1963-03-30,12.4,9.2
1963-03-31,17.7,8.4
1963-04-01,23.7,10.8
1963-04-02,24.5,17.4
1963-04-03,25.5,14
1963-04-04,22.3,11.4
1963-04-05,19,8.7
1963-04-06,22.7,11
1963-04-07,25.7,16.8
1963-04-08,20,15.1
1963-04-09,19.5,10.9
1963-04-10,15.9,8
1963-04-11,13,8
1963-04-12,17,7.9
1963-04-13,25.3,12.1
1963-04-14,23.1,11.9
1963-04-15,20.3,9.8
1963-04-16,25.6,14.1
1963-04-17,16.9,10.4
1963-04-18,22.5,9
1963-04-19,29.5,17.2
1963-04-20,24.4,14.9
1963-04-21,28.3,18.1
1963-04-22,27.6,15.8
1963-04-23,17.1,12.2
1963-04-24,16.2,10.9
1963-04-25,19.9,11
1963-04-26,23.8,12.3
1963-04-27,24.6,14.1
1963-04-28,17.2,10.4
1963-04-29,14.7,10.2
1963-04-30,15.8,9.4
1963-05-01,15,10.4
1963-05-02,17.4,10.3
1963-05-03,22.3,10.1
1963-05-04,20.2,15.1
1963-05-05,21.4,13.8
1963-05-06,21.7,11.4
1963-05-07,24.3,13.5
1963-05-08,23.9,12.6
1963-05-09,19.7,11.7
1963-05-10,17.4,12.1
1963-05-11,19.9,10.8
1963-05-12,26.4,13.3
1963-05-13,29.8,21.5
1963-05-14,21.6,13.7
1963-05-15,21.2,11.9
1963-05-16,21.5,14.4
1963-05-17,22.7,13.2
1963-05-18,28.9,15.1
1963-05-19,25.9,13.2
1963-05-20,19.1,12
1963-05-21,24,11.6
1963-05-22,31.6,17.3
1963-05-23,24.8,14.4
1963-05-24,24.2,12.4
1963-05-25,29.6,18.7
1963-05-26,27.8,16
1963-05-27,21.3,12.9
1963-05-28,21.6,12.9
1963-05-29,21.3,13.1
1963-05-30,29,15.4
1963-05-31,33.1,24.3
1963-06-01,26.8,16.2
1963-06-02,23.8,13.8
1963-06-03,24.7,15.1
1963-06-04,28.4,17.1
1963-06-05,34.5,22
1963-06-06,30,17.2
1963-06-07,35.8,24
1963-06-08,26.4,17.1
1963-06-09,23.3,14.2
1963-06-10,22.6,14.5
1963-06-11,23.3,13.8
1963-06-12,29.9,14
1963-06-13,31.4,19.4
1963-06-14,27.5,19.4
1963-06-15,24.3,16.7
1963-06-16,27.3,17.2
1963-06-17,30,20.4
1963-06-18,35,22.6
1963-06-19,30.8,18.6
1963-06-20,24,15.5
1963-06-21,26.7,13.9
1963-06-22,28.2,14.6
1963-06-23,30,18.2
1963-06-24,30.7,18.9
1963-06-25,28.7,18.4
1963-06-26,29.8,20.4
1963-06-27,33.3,22.2
1963-06-28,31.8,23.6
1963-06-29,31.4,22
1963-06-30,29.4,21.3
1963-07-01,27.3,16.8
1963-07-02,25.4,18.9
1963-07-03,27.4,17.4
1963-07-04,27.9,21.2
1963-07-05,25.7,19.5
1963-07-06,24.9,17.7
1963-07-07,27.1,17.1
1963-07-08,27.6,18.4
1963-07-09,28.4,19.3
1963-07-10,28.7,19.8
1963-07-11,28.6,19.8
1963-07-12,29.2,21.2
1963-07-13,29.8,20.9
1963-07-14,30.1,20
1963-07-15,30.7,19.4
1963-07-16,29.9,21.6
1963-07-17,30.3,20.5
1963-07-18,30.5,23.2
1963-07-19,29.2,20.7
1963-07-20,28,19.2
1963-07-21,26.4,17.6
1963-07-22,27.3,18.2
1963-07-23,29,19.4
1963-07-24,30.9,22.2
1963-07-25,30.3,18.7
1963-07-26,28.6,18.7
1963-07-27,27.7,18.3
1963-07-28,28.4,18.8
1963-07-29,28.4,18.5
1963-07-30,29.3,20.6
1963-07-31,29.6,20.6
1963-08-01,30.2,19
1963-08-02,29.4,18
1963-08-03,30.9,22.3
1963-08-04,31.4,21.9
1963-08-05,30.9,20.8
1963-08-06,30.2,21.4
1963-08-07,29.3,20.3
1963-08-08,29.3,19.1
1963-08-09,28.7,18.6
1963-08-10,29.3,19.1
1963-08-11,29.7,21
1963-08-12,27.4,20.3
1963-08-13,29,18.3
1963-08-14,29.3,19.5
1963-08-15,30.1,19.1
1963-08-16,32.6,23.1
1963-08-17,34.4,22.7
1963-08-18,33.4,24.2
1963-08-19,33.3,24.3
1963-08-20,33.8,24.3
1963-08-21,31.3,22.5
1963-08-22,29.7,21.4
1963-08-23,26.7,19
1963-08-24,28,19.1
1963-08-25,30.2,19.3
1963-08-26,30,18.6
1963-08-27,28.9,18.8
1963-08-28,29.3,17.5
1963-08-29,28.9,17.5
1963-08-30,29,19.3
1963-08-31,30.8,17.4
1963-09-01,29.2,17.4
1963-09-02,27.2,18.7
1963-09-03,27.6,18
1963-09-04,28.8,17.8
1963-09-05,29.6,18.7
1963-09-06,29.3,18.8
1963-09-07,30.3,19
1963-09-08,29.5,19.8
1963-09-09,29.6,18.3
1963-09-10,28.7,18.8
1963-09-11,28.2,18.1
1963-09-12,28.9,17.7
1963-09-13,26.4,18.2
1963-09-14,26.6,16.8
1963-09-15,27.2,16.7
1963-09-16,28.8,17
1963-09-17,26.8,17.3
1963-09-18,26.6,17.1
1963-09-19,25.7,17.3
1963-09-20,23.2,17.1
1963-09-21,26.3,16.8
1963-09-22,27.7,17.8
1963-09-23,30.4,19.7
1963-09-24,28.4,18.7
1963-09-25,25.7,18.2
1963-09-26,27.3,17.2
1963-09-27,34.2,19.2
1963-09-28,34.3,25.4
1963-09-29,34.6,23.9
1963-09-30,32.7,22.8
1963-10-01,33.1,23.7
1963-10-02,34,24.5
1963-10-03,31.7,22.7
1963-10-04,26.2,18
1963-10-05,26.8,16.5
1963-10-06,28.7,18.4
1963-10-07,31.5,19.5
1963-10-08,33.2,23.7
1963-10-09,32.4,22.8
1963-10-10,32.3,23.2
1963-10-11,30,20.3
1963-10-12,30,19.7
1963-10-13,29.4,19.7
1963-10-14,26.8,17.8
1963-10-15,26.4,15.9
1963-10-16,30.4,19.2
1963-10-17,32.8,24.3
1963-10-18,34.1,24.9
1963-10-19,28.8,23.6
1963-10-20,28.5,18.8
1963-10-21,20.3,15
1963-10-22,17.5,12.5
1963-10-23,16.8,10.8
1963-10-24,17.4,11.7
1963-10-25,19.7,11.7
1963-10-26,19.3,12.9
1963-10-27,21.2,12.1
1963-10-28,22.6,14.1
1963-10-29,25.2,16.9
1963-10-30,23.9,15.8
1963-10-31,23.6,13.6
1963-11-01,17.4,13.2
1963-11-02,14.2,10.2
1963-11-03,18.7,11.1
1963-11-04,20.4,12.1
1963-11-05,22.7,14.6
1963-11-06,22.8,15.1
1963-11-07,24.5,15.8
1963-11-08,24.9,15.2
1963-11-09,21.8,15.5
1963-11-10,20.5,13.8
1963-11-11,19.4,12.9
1963-11-12,21.7,12.1
1963-11-13,22.8,14.4
1963-11-14,23.4,14.4
1963-11-15,23.8,15.7
1963-11-16,23.5,14.2
1963-11-17,24,14.3
1963-11-18,25.4,17.3
1963-11-19,24.1,17.2
1963-11-20,23.4,15
1963-11-21,18,10.6
1963-11-22,19.2,11.5
1963-11-23,18.7,13.6
1963-11-24,16.9,12.4
1963-11-25,18,11.3
1963-11-26,18.6,11.6
1963-11-27,16.6,10.3
1963-11-28,17.6,10.2
1963-11-29,19.8,11.7
1963-11-30,15.7,10.5
1963-12-01,12.8,9.5
1963-12-02,13.5,9
1963-12-03,10.2,6.7
1963-12-04,9,4.4
1963-12-05,11,5.9
1963-12-06,15,8.8
1963-12-07,16.6,9.5
1963-12-08,14.2,8.7
1963-12-09,12.3,7.4
1963-12-10,8.9,3.8
1963-12-11,8.1,3.7
1963-12-12,13.4,5.7
1963-12-13,14.8,8.2
1963-12-14,17.5,9.2
1963-12-15,17.9,10.2
1963-12-16,20.1,11.2
1963-12-17,18.4,10.8
1963-12-18,21.9,13.4
1963-12-19,24,15.7
1963-12-20,24.2,16
1963-12-21,25.9,16.2
1963-12-22,24.5,16.8
1963-12-23,25.5,16.1
1963-12-24,20.9,13.2
1963-12-25,13.4,5.8
1963-12-26,8.4,0.7
1963-12-27,11.7,4.2
1963-12-28,13.7,5.8
1963-12-29,9.7,6.6
1963-12-30,7.4,0.7
1963-12-31,6.3,1.2
